title,author,length
He Who Fights with Monsters 8,"Shirtaloon,Travis Deverell",Length: Not Yet Known
The Bullet That Missed,Richard Osman,Length: 11 hrs and 16 mins
Here Lie the Dead,JD Kirk,Length: 12 hrs and 53 mins
The Rules of Dating,"Penelope Ward,Vi Keeland",Length: 10 hrs and 47 mins
Expeditionary Force Book 15,Craig Alanson,Length: Not Yet Known
Making the Match,Kristen Ashley,Length: Not Yet Known
Haunting Adeline,H. D. Carlton,Length: 15 hrs and 44 mins
Dreamland,Nicholas Sparks,Length: 9 hrs and 47 mins
Starry Messenger,Neil deGrasse Tyson,Length: 7 hrs and 17 mins
The Biggest Ideas in the Universe,Sean Carroll,Length: 9 hrs and 55 mins
The Divider,"Peter Baker,Susan Glasser",Length: 28 hrs and 46 mins
A World of Curiosities,Louise Penny,Length: Not Yet Known
The Chameleon Effect,Joe Arden,Length: 6 hrs and 52 mins
Herald of Shalia 4,Tamryn Tamer,Length: 12 hrs and 43 mins
The Light We Carry,Michelle Obama,Length: Not Yet Known
Be the Serpent,Seanan McGuire,Length: 12 hrs and 44 mins
State of the Union,Marie Force,Length: 11 hrs and 47 mins
The Librarian of Crooked Lane,C.J. Archer,Length: 8 hrs and 9 mins
The Winners,Fredrik Backman,Length: 21 hrs and 22 mins
Smart Brevity,"Jim VandeHei,Mike Allen,Roy Schwartz",Length: 3 hrs and 1 min
Marshal Arcane,Terry Mancour,Length: Not Yet Known
Goroth,Neven Iliev,Length: 10 hrs and 55 mins
The Return of the Gods,Jonathan Cahn,Length: 8 hrs and 34 mins
The Big Truth,"Major Garrett,David Becker",Length: 10 hrs and 43 mins
Discipline Is Destiny,Ryan Holiday,Length: 7 hrs and 17 mins
Sweetwater and the Witch,Jayne Castle,Length: 9 hrs and 1 min
Revenge,Tom Bower,Length: 16 hrs and 23 mins
Dr. Off Limits,Louise Bay,Length: 7 hrs and 12 mins
It Starts with Us,Colleen Hoover,Length: Not Yet Known
Home,Whitney Hanson,Length: 1 hr and 31 mins
Knot So Perfect Omega,Maya Nicole,Length: 7 hrs
8 Rules of Love,Jay Shetty,Length: Not Yet Known
Righteous Prey,John Sandford,Length: 11 hrs and 47 mins
"It's Not Me, It's You","John Kim,Vanessa Bennett",Length: 6 hrs and 43 mins
The Trap,David Icke,Length: 18 hrs and 56 mins
Confidence Man,Maggie Haberman,Length: Not Yet Known
American Ripper,Patrick Kendrick,Length: 19 hrs and 33 mins
Letter to the American Church,Eric Metaxas,Length: 5 hrs and 32 mins
That Bird Has My Wings,Jarvis Jay Masters,Length: Not Yet Known
Give Up the Ghost,Angie Fox,Length: 8 hrs and 29 mins
Mark of the Fool,J.M. Clarke,Length: 19 hrs
You Are Not Alone,Ken Duckworth,Length: 13 hrs and 59 mins
The 6 Habits of Growth,Brendon Burchard,Length: 5 hrs and 4 mins
Forsaken Country,Allen Eskens,Length: 11 hrs and 9 mins
Taking Back Trump's America,Peter Navarro,Length: 13 hrs and 40 mins
Resurrection: A Channeled Text,Paul Selig,Length: 13 hrs and 51 mins
Don't Let Me Go,Kelsie Rae,Length: 11 hrs and 44 mins
Her Bleeding Heart,D.K. Hood,Length: 9 hrs and 12 mins
Terrible Beauty,Anna Zaires,Length: 6 hrs and 53 mins
The Golden Enclaves,Naomi Novik,Length: 14 hrs and 49 mins
Follow,Tessa Bailey,Length: 8 hrs and 41 mins
The Resurrected Jesus,"David Limbaugh,Christen Limbaugh Bloom",Length: 10 hrs and 32 mins
No Plan B,"Lee Child,Andrew Child",Length: 11 hrs and 3 mins
His Last Command,Dan Abnett,Length: 10 hrs and 18 mins
The Viper,J.R. Ward,Length: 11 hrs and 9 mins
Empire Reborn,Jay Allan,Length: 14 hrs and 41 mins
The Dark One,Nikki St. Crowe,Length: 5 hrs and 31 mins
The Mad Mage of Sevendor,Terry Mancour,Length: Not Yet Known
The Renegade,Silvia Violet,Length: 6 hrs and 19 mins
Courts and Cabals 4,G.S. D'Moore,Length: 13 hrs and 23 mins
Lucy by the Sea,Elizabeth Strout,Length: 8 hrs and 19 mins
Personas decentes,Leonardo Padura,Length: 16 hrs and 31 mins
Lady Justice,Dahlia Lithwick,Length: 10 hrs and 49 mins
Your Purpose Is Calling,Dharius Daniels,Length: 5 hrs and 38 mins
A Light in the Flame,Jennifer L. Armentrout,Length: 24 hrs
Those Three Words,Alexis Winter,Length: 7 hrs and 38 mins
The Butcher and the Wren,Alaina Urquhart,Length: 6 hrs and 23 mins
Whiskers and Lies,Sofie Kelly,Length: 7 hrs and 29 mins
White Fear,Roland S. Martin,Length: 3 hrs and 28 mins
Lead the Way,"Jason Anspach,Nick Cole",Length: 11 hrs and 37 mins
George Michael,James Gavin,Length: 18 hrs and 13 mins
Desert Star,Michael Connelly,Length: Not Yet Known
Incursion,Sarah Hawke,Length: 8 hrs and 43 mins
A Pumpkin and a Patch,Jennifer Peel,Length: 8 hrs and 47 mins
The 6 Types of Working Genius,Patrick M. Lencioni,Length: Not Yet Known
BuzzFeed Unsolved Supernatural,"Ryan Bergara,Shane Madej,BuzzFeed",Length: 6 hrs and 54 mins
The Watcher,Melanie Moreland,Length: 6 hrs and 55 mins
The Pact,Max Monroe,Length: 9 hrs and 29 mins
The Martyr,Anthony Ryan,Length: 19 hrs and 42 mins
Black Snow,James M. Scott,Length: 12 hrs and 59 mins
A Whisper of Solace,Milena McKay,Length: 11 hrs and 51 mins
The Orthodox Way,Kallistos Ware,Length: 6 hrs and 27 mins
The Disappearance of the Universe,Gary R. Renard,Length: 15 hrs and 29 mins
Long Shadows,David Baldacci,Length: 12 hrs and 3 mins
USS Adams: No Escape,Mark Wayne McGinnis,Length: 8 hrs and 19 mins
Pack Darling: Part Two,Lola Rock,Length: 12 hrs
The Sixth Rune,A. F. Kay,Length: 18 hrs and 23 mins
Less Is Lost,Andrew Sean Greer,Length: 7 hrs and 43 mins
Encore in Death,J. D. Robb,Length: Not Yet Known
Be of Good Cheer,Jan Stryvant,Length: 8 hrs and 39 mins
Project Hero,Briar Prescott,Length: 7 hrs and 23 mins
The Hob and Hound Pub,Seana Kelly,Length: 10 hrs and 9 mins
Sentenced to Troll 5,S.L. Rowland,Length: 13 hrs and 1 min
MeatEater's Campfire Stories: Narrow Escapes & More Close Calls,"Steven Rinella,Clay Newcomb,Vince Merritt,Allen Jone,Kimi Werner,Roy Getson,Casey Frank,Cory Holloway,Cameron Kirkconnell,Bruce Batten,Vic Barnes",Length: 5 hrs and 4 mins
Spiritual Leadership,J. Oswald Sanders,Length: 5 hrs
Monsters and How to Tame Them,Kevin Hart,Length: 5 hrs and 37 mins
Capital Justice,James Chandler,Length: 10 hrs and 38 mins
Echoes of Eternity,Aaron Dembski-Bowden,Length: 15 hrs and 50 mins
The Psychology of Totalitarianism,Mattias Desmet,Length: 7 hrs and 53 mins
Drunk on Love,Jasmine Guillory,Length: 11 hrs and 15 mins
Fairy Tale,Stephen King,Length: 24 hrs and 6 mins
Portal to Nova Roma,J.R. Mathews,Length: 22 hrs and 3 mins
God of Pain,Rina Kent,Length: 13 hrs and 18 mins
American Oligarch,Franklin Horton,Length: 9 hrs and 29 mins
True North,"Bill George,Zach Clayton",Length: 9 hrs and 1 min
Next Door Dragon Daddy,Roxie Ray,Length: 11 hrs and 20 mins
Prophetic Forecast,Joshua Giles,Length: 7 hrs and 17 mins
The Return,Dick Morris,Length: 6 hrs and 47 mins
A Fearful Symmetry,Olan Thorensen,Length: Not Yet Known
No Reason to Hide,Erwin W. Lutzer,Length: 9 hrs and 10 mins
Catch Her Death,Wendy Dranfield,Length: 9 hrs and 13 mins
Wonderland,Miranda Renae,Length: 7 hrs and 29 mins
When He's Ruthless,Suzanne Wright,Length: 11 hrs and 46 mins
Daisy Darker,Alice Feeney,Length: 10 hrs and 54 mins
Tribes of Kragdon-ah,Shawn Inmon,Length: 9 hrs and 35 mins
Dungeon Walkers 3,Daniel Schinhofen,Length: 11 hrs and 40 mins
Blowback,"James Patterson,Brendan DuBois",Length: 12 hrs and 50 mins
Malicious Midpoint,Alice Winters,Length: 7 hrs and 4 mins
Only Bad Options,Jennifer Estep,Length: 12 hrs and 35 mins
Getting Along,Amy Gallo,Length: 7 hrs and 44 mins
Getting Along,Amy Gallo,Length: 7 hrs and 44 mins
Mad Man,Onley James,Length: 7 hrs and 52 mins
The Lost Metal,Brandon Sanderson,Length: Not Yet Known
"Endless Referrals, Third Edition",Bob Burg,Length: 11 hrs and 30 mins
Psycho Fae,Jasmine Mas,Length: 12 hrs and 2 mins
The Lies I Tell,Julie Clark,Length: 9 hrs and 12 mins
Tongue Eater,John Bierce,Length: 20 hrs and 2 mins
The Boys from Biloxi,John Grisham,Length: 17 hrs and 22 mins
Dünkirchen 1940,Robert Kershaw,Length: 15 hrs and 28 mins
Meet Me There,K.M. Neuhold,Length: 7 hrs and 9 mins
The Babylon Bee Guide to Democracy,Babylon Bee,Length: 4 hrs and 21 mins
Too Mulch to Handle,H.Y. Hanna,Length: 7 hrs and 12 mins
Noble Roots,Drew Hayes,Length: 23 hrs and 36 mins
A Good Dog's Guide to Murder,Krista Davis,Length: 8 hrs
Lovely Bad Things,Trisha Wolfe,Length: 7 hrs and 19 mins
Barbarian Chef,Austin Beck,Length: 6 hrs and 7 mins
I'm Glad My Mom Died,Jennette McCurdy,Length: 6 hrs and 50 mins
Storm of Iron,Graham McNeill,Length: 11 hrs and 3 mins
Capital Justice,James Chandler,Length: 10 hrs and 38 mins
Somebody to Cherish,April Wilson,Length: 6 hrs and 30 mins
Honor of the Witch,Deanna Chase,Length: 5 hrs and 44 mins
What If? 2,Randall Munroe,Length: 6 hrs and 35 mins
Mother of Learning Arc 3,"nobody103,Domagoj Kurmaic",Length: 27 hrs and 12 mins
The Burning Hollow,Ryan Schow,Length: 10 hrs and 39 mins
King of Battle and Blood,Scarlett St. Clair,Length: 12 hrs and 26 mins
The Obesity Fix,"James DiNicolantonio,Siim Land",Length: 6 hrs and 53 mins
The 6 Phase Meditation Method,Vishen Lakhiani,Length: 5 hrs and 26 mins
The Power of Mind,Khentrul Lodrö T'hayé,Length: 9 hrs and 14 mins
The Exorcist's House,Nick Roberts,Length: 9 hrs and 11 mins
Burner,Mark Greaney,Length: Not Yet Known
More Heat than the Sun Box Set: Vol 1,John Wiltshire,Length: 27 hrs and 53 mins
The High Sierra,Kim Stanley Robinson,Length: 16 hrs and 30 mins
Lost in Time,A.G. Riddle,Length: 11 hrs and 28 mins
Frozen Time,Jonathan Brooks,Length: 13 hrs and 9 mins
Hell and Back,Craig Johnson,Length: 9 hrs and 39 mins
Codependent No More,Melody Beattie,Length: 8 hrs and 42 mins
The 6:20 Man,David Baldacci,Length: 11 hrs and 48 mins
American Psychosis,David Corn,Length: 17 hrs and 32 mins
Cenotaph of Bones,Michael Head,Length: 9 hrs and 18 mins
She Memes Well,Quinta Brunson,Length: 8 hrs and 38 mins
Dragon's Justice 4,Bruce Sentar,Length: 10 hrs and 36 mins
I Am God's Dagger,K.A. Merikan,Length: 8 hrs and 3 mins
To Kill a Mockingbird,Harper Lee,Length: 12 hrs and 17 mins
We Are Proud Boys,Andy B. Campbell,Length: 8 hrs and 28 mins
Court of the Vampire Queen,Katee Robert,Length: 15 hrs and 43 mins
Legends & Lattes,Travis Baldree,Length: 6 hrs and 22 mins
Oath of Loyalty,"Vince Flynn,Kyle Mills",Length: 9 hrs and 23 mins
Danger Zone,"Hal Brands,Michael Beckley",Length: 8 hrs and 26 mins
You Owe You,"Eric Thomas,Chris Paul - foreword",Length: 7 hrs and 54 mins
Garden of Serpents,C.N. Crawford,Length: 7 hrs and 57 mins
How to Lose Weight for the Last Time,Katrina Ubell,Length: 8 hrs and 17 mins
The Ballers and Babes Collection,Lauren Blakely,Length: 20 hrs and 22 mins
Empress of Dorsa,Eliza Andrews,Length: 26 hrs and 38 mins
Mr. Romance,Louisa Masters,Length: 7 hrs and 7 mins
How to Inhabit Time,James K. A. Smith,Length: 6 hrs and 11 mins
The Mystery of Montague Morgan,Karen Baugh Menuhin,Length: 8 hrs and 24 mins
"Conversations with the Z’s, Book One",Lee Harris,Length: 3 hrs and 32 mins
The Big Fraud,Troy E. Nehls,Length: 8 hrs and 14 mins
Meet Me Halfway,Lilian T. James,Length: 9 hrs and 34 mins
Wayward,Alice Greczyn,Length: 10 hrs and 45 mins
Russia,Antony Beevor,Length: 21 hrs and 55 mins
México en el precipicio,Macario Schettino,Length: 4 hrs and 42 mins
The Atheist Handbook to the Old Testament: Volume 2,Joshua Bowen,Length: 14 hrs and 39 mins
Desperation in Death,J. D. Robb,Length: 13 hrs and 11 mins
The Housemaid,Freida McFadden,Length: 9 hrs and 41 mins
Marriage Be Hard,"Kevin Fredericks,Melissa Fredericks",Length: 6 hrs and 10 mins
On a Quiet Street,Seraphina Nova Glass,Length: 11 hrs and 21 mins
Dinners with Ruth,Nina Totenberg,Length: 9 hrs and 30 mins
Lessons,Ian McEwan,Length: 17 hrs and 33 mins
The Hollow King,John French,Length: 10 hrs and 33 mins
Lilac,B.B. Reid,Length: 18 hrs and 15 mins
Captive,Iris Johansen,Length: 9 hrs and 34 mins
Legend of the Arch Magus: Publisher's Pack 4,Michael Sisa,Length: 11 hrs and 12 mins
Super Sales on Super Heroes 4,William D. Arand,Length: Not Yet Known
Serendipity,Kris Bryant,Length: 8 hrs and 28 mins
Like a Rolling Stone,Jann S. Wenner,Length: 17 hrs and 37 mins
Traction,Gino Wickman,Length: 6 hrs and 56 mins
Essentialism,Greg McKeown,Length: 6 hrs and 14 mins
The Magic of Thinking Big,David Schwartz,Length: 9 hrs and 31 mins
Meme Wars,"Joan Donovan,Emily Dreyfuss,Brian Friedberg",Length: 14 hrs and 6 mins
Children of Time,Adrian Tchaikovsky,Length: 16 hrs and 31 mins
The Five Dysfunctions of a Team,Patrick Lencioni,Length: 3 hrs and 42 mins
A Gentleman in Moscow,Amor Towles,Length: 17 hrs and 52 mins
"The 4-Hour Workweek: Escape 9-5, Live Anywhere, and Join the New Rich (Expanded and Updated)",Timothy Ferriss,Length: 13 hrs and 1 min
Good to Great,Jim Collins,Length: 10 hrs and 1 min
Six of Crows,Leigh Bardugo,Length: 15 hrs and 4 mins
Eragon,Christopher Paolini,Length: 16 hrs and 22 mins
Twisted Games,Ana Huang,Length: 13 hrs and 14 mins
Defiance of the Fall 6,"TheFirstDefier,JF Brink",Length: 23 hrs and 1 min
The Never King,Nikki St. Crowe,Length: 4 hrs and 35 mins
Why We Sleep,Matthew Walker,Length: 13 hrs and 52 mins
Black Hamptons,"Carl Weber,La Jill Hunt",Length: 10 hrs and 23 mins
Slaughterhouse-Five,Kurt Vonnegut,Length: 5 hrs and 13 mins
Nona the Ninth,Tamsyn Muir,Length: 17 hrs and 46 mins
Inclusion on Purpose,"Ruchika Tulshyan,Ijeoma Oluo - foreword",Length: 8 hrs and 42 mins
Scarred,Emily McIntire,Length: 10 hrs and 38 mins
Freezing Order,Bill Browder,Length: 10 hrs and 29 mins
Resilient,John Eldredge,Length: 6 hrs and 41 mins
Centers of Gravity,Marko Kloos,Length: 9 hrs and 47 mins
The Final Equinox,Andrew Mayne,Length: 10 hrs and 9 mins
Re: Trailer Trash,FortySixtyFour,Length: 25 hrs and 35 mins
Melody of Flame,Tricia O'Malley,Length: 6 hrs and 44 mins
Pitch Anything,Oren Klaff,Length: 6 hrs and 14 mins
Obsession,"Meg Anne,K. Loraine",Length: 9 hrs and 7 mins
Put Your Ass Where Your Heart Wants to Be,Steven Pressfield,Length: 1 hr and 55 mins
12 Notes,Quincy Jones,Length: 5 hrs and 7 mins
Nation of Victims,Vivek Ramaswamy,Length: 7 hrs and 42 mins
Solito,Javier Zamora,Length: 17 hrs and 8 mins
The Marlow Murder Club,Robert Thorogood,Length: 9 hrs and 47 mins
Marple: Twelve New Mysteries,"Agatha Christie,Naomi Alderman,Leigh Bardugo,Alyssa Cole,Lucy Foley,Elly Griffiths,Natalie Haynes,Jean Kwok,Val McDermid,Karen M. McManus,Dreda Say Mitchell,Kate Mosse,Ruth Ware",Length: 11 hrs and 28 mins
Monroe Doctrine: Volume V,"James Rosone,Alex Aaronson",Length: 13 hrs and 40 mins
Empath and Narcissist,Pamela Stewart,Length: 21 hrs and 27 mins
Back to the Garden,Laurie R. King,Length: 11 hrs and 9 mins
Jesus' Alternative Plan,Richard Rohr OFM,Length: 7 hrs and 57 mins
The Warlock 3,Dante King,Length: 10 hrs and 27 mins
Kiwi Sin,Rosalind James,Length: 14 hrs and 37 mins
Renegade Mage,Inadvisably Compelled,Length: 12 hrs and 20 mins
Winning the War on Worry,Louie Giglio,Length: 2 hrs and 14 mins
The Tyrant Alpha's Rejected Mate,Cate C. Wells,Length: 12 hrs and 23 mins
Battlefield of the Mind,Joyce Meyer,Length: 6 hrs and 37 mins
The Warlock 3,Dante King,Length: 10 hrs and 27 mins
The Lucky One,Jessica Payne,Length: 11 hrs and 1 min
Born a Crime,Trevor Noah,Length: 8 hrs and 44 mins
Sapiens,Yuval Noah Harari,Length: 15 hrs and 18 mins
The Hitchhiker's Guide to the Galaxy,Douglas Adams,Length: 5 hrs and 51 mins
Shoe Dog,Phil Knight,Length: 13 hrs and 21 mins
Quiet,Susan Cain,Length: 10 hrs and 39 mins
Uncharted Waters,Sally Hepworth,Length: 1 hr and 44 mins
The Rising Tide,Ann Cleeves,Length: 11 hrs and 28 mins
Monroe Doctrine: Volume V,"James Rosone,Alex Aaronson",Length: 13 hrs and 40 mins
The Choice,Nora Roberts,Length: 15 hrs and 18 mins
Lesser Evil,Penelope Sky,Length: 8 hrs
How to Win Friends & Influence People,Dale Carnegie,Length: 7 hrs and 15 mins
The Alchemist,Paulo Coelho,Length: 4 hrs
The Untethered Soul,Michael A. Singer,Length: 6 hrs and 11 mins
Savage Bonds,J Bree,Length: 10 hrs and 30 mins
Grit,Angela Duckworth,Length: 9 hrs and 22 mins
The Millionaire Next Door,"Thomas J. Stanley Ph.D.,William D. Danko Ph.D.",Length: 8 hrs and 16 mins
"Guns, Germs and Steel",Jared Diamond,Length: 16 hrs and 20 mins
The Metaverse,Matthew Ball,Length: 13 hrs and 38 mins
Autodisciplina diaria y Procrastinación 2 audiolibros en 1 [Daily Self-Discipline and Procrastination 2 Audiobooks in 1],Happy Academy,Length: 4 hrs and 26 mins
Lead Like It Matters,Craig Groeschel,Length: 7 hrs and 35 mins
Allow Me to Retort,Elie Mystal,Length: 8 hrs and 37 mins
Sanando la herida materna [Healing the Maternal Wound],Aura Medina de Wit,Length: 10 hrs and 35 mins
Shogun,James Clavell,Length: 53 hrs and 33 mins
The Outsiders,S. E. Hinton,Length: 5 hrs and 8 mins
Getting Things Done,David Allen,Length: 10 hrs and 23 mins
Who Killed Jane Stanford?,Richard White,Length: 11 hrs and 28 mins
Clive Cussler's Hellburner,Mike Maden,Length: 12 hrs and 52 mins
Holding the Line,Geoffrey Berman,Length: 9 hrs and 33 mins
Outliers,Malcolm Gladwell,Length: 7 hrs and 18 mins
Fahrenheit 451,Ray Bradbury,Length: 5 hrs and 1 min
Three Small Bones,Jennifer Chase,Length: 9 hrs and 48 mins
Other Birds,Sarah Addison Allen,Length: 8 hrs and 51 mins
The Dungeon Phoenix,Konrad Ryan,Length: 17 hrs and 9 mins
Personal,Alexandria House,Length: 6 hrs and 23 mins
Death Down the Aisle,Verity Bright,Length: 8 hrs and 38 mins
The Marriage Portrait,Maggie O'Farrell,Length: 13 hrs and 21 mins
Killers of a Certain Age,Deanna Raybourn,Length: 10 hrs and 15 mins
Fly Girl,Ann Hood,Length: 8 hrs and 11 mins
Fly Girl,Ann Hood,Length: 8 hrs and 11 mins
Profiles in Ignorance,Andy Borowitz,Length: 8 hrs and 51 mins
How to Invest,David M. Rubenstein,Length: 17 hrs and 13 mins
The Chaos Machine,Max Fisher,Length: 15 hrs and 55 mins
Upgrade,Blake Crouch,Length: 9 hrs and 47 mins
The 21 Irrefutable Laws of Leadership: 25th Anniversary,John C. Maxwell,Length: 9 hrs and 32 mins
The ONE Thing,"Gary Keller,Jay Papasan",Length: 5 hrs and 28 mins
Of Mice and Men,John Steinbeck,Length: 3 hrs and 11 mins
The Good Girl,Mary Kubica,Length: 10 hrs and 38 mins
The Lost Nebula,Vaughn Heppner,Length: 14 hrs and 4 mins
The Bodies of Others,Naomi Wolf,Length: 9 hrs and 8 mins
That Time I Got Drunk and Yeeted a Love Potion at a Werewolf,Kimberly Lemming,Length: 6 hrs and 50 mins
The Montessori Baby,"Simone Davies,Junnifa Uzodike",Length: 10 hrs and 51 mins
It Takes a Woman,"Smartypants Romance,Piper Sheldon",Length: 9 hrs and 16 mins
Demon's Mark,Nora Ash,Length: 10 hrs and 59 mins
Radical Acceptance,Tara Brach,Length: 12 hrs and 15 mins
Where the Sky Begins,Rhys Bowen,Length: 11 hrs and 11 mins
Personal,Alexandria House,Length: 6 hrs and 23 mins
Lady Secrets,"Keltie Knight,Jac Vanek,Becca Tobin",Length: 7 hrs and 10 mins
Vicious Oath,Zoe Blake,Length: 7 hrs and 32 mins
We Can Never Leave This Place,Eric Larocca,Length: 2 hrs and 42 mins
Preparing for the Future,Jeremy Eaton,Length: 12 hrs and 1 min
River of Shadows,Karina Halle,Length: 9 hrs and 14 mins
Fluke and the Frontier Farce,Sam Burns,Length: 6 hrs and 5 mins
Confronting Jesus,Rebecca McLaughlin,Length: 6 hrs and 3 mins
Agatha Christie,Lucy Worsley,Length: 13 hrs and 46 mins
Healing Hazel,Jennifer Moore,Length: 8 hrs and 6 mins
Crucial Conversations (Third Edition),"Joseph Grenny,Kerry Patterson,Ron McMillan,Al Switzler,Emily Gregory",Length: 7 hrs and 45 mins
Into the Fire,"James Rosone,T.C. Manning",Length: 13 hrs and 51 mins
Slenderman,Kathleen Hale,Length: 9 hrs and 31 mins
Roland,N.C. Reed,Length: 14 hrs and 32 mins
Mindful Self-Discipline,Giovanni Dienstmann,Length: 13 hrs and 45 mins
"Girl, Forgotten",Karin Slaughter,Length: 15 hrs and 45 mins
The Sunken Chase,Cap Daniels,Length: 8 hrs and 54 mins
"Tomorrow, and Tomorrow, and Tomorrow",Gabrielle Zevin,Length: 13 hrs and 52 mins
Invent,Dakota Krout,Length: 12 hrs and 14 mins
Unfiltered,Rachel Pedersen,Length: 6 hrs and 10 mins
The Ink Black Heart,Robert Galbraith,Length: 32 hrs and 42 mins
Changing the Game,Bella Matthews,Length: 8 hrs and 26 mins
Bastille vs. the Evil Librarians,"Brandon Sanderson,Janci Patterson",Length: 4 hrs and 52 mins
"Clockwork, Revised and Expanded","Mike Michalowicz,Gino Wickman - foreword",Length: 8 hrs and 54 mins
Ca$hvertising,Drew Eric Whitman,Length: 6 hrs and 17 mins
Akata Woman,Nnedi Okorafor,Length: 13 hrs and 17 mins
The Score Takes Care of Itself,"Bill Walsh,Craig Walsh,Steve Jamison",Length: 10 hrs and 48 mins
The Rise and Fall of the Third Reich,William L. Shirer,Length: 57 hrs and 11 mins
The Masculine in Relationship,GS Youngblood,Length: 7 hrs and 47 mins
Happy Days,Gabrielle Bernstein,Length: 6 hrs and 11 mins
Changing the Game,Bella Matthews,Length: 8 hrs and 26 mins
Archer's Voice,Mia Sheridan,Length: 11 hrs and 7 mins
The Personal MBA: Master the Art of Business,Josh Kaufman,Length: 15 hrs and 25 mins
The Great Gatsby,F. Scott Fitzgerald,Length: 4 hrs and 49 mins
Profit First,Mike Michalowicz,Length: 8 hrs and 35 mins
The Mountain Is You,Brianna Wiest,Length: 5 hrs and 44 mins
Act of Oblivion,Robert Harris,Length: 15 hrs and 41 mins
Bitter Sweet Heart,"H. Hunting,Helena Hunting",Length: 11 hrs and 42 mins
Walking in My Joy,Jenifer Lewis,Length: 7 hrs and 27 mins
All the Missing Girls,Megan Miranda,Length: 10 hrs and 5 mins
On Killing,Lt. Col. Dave Grossman,Length: 10 hrs and 23 mins
Invisible Man,Ralph Ellison,Length: 18 hrs and 36 mins
The Day the World Came to Town,Jim DeFede,Length: 6 hrs and 28 mins
Conversations with Friends,Sally Rooney,Length: 8 hrs and 21 mins
Invisible Man,Ralph Ellison,Length: 18 hrs and 36 mins
The Day the World Came to Town,Jim DeFede,Length: 6 hrs and 28 mins
Number the Stars,Lois Lowry,Length: 2 hrs and 45 mins
"The China Study, Revised and Expanded Edition","T. Colin Campbell PhD,Thomas M. Campbell II MD",Length: 18 hrs and 2 mins
Heartless Sky,"Caroline Peckham,Susanne Valenti",Length: 30 hrs and 10 mins
One True Loves,Taylor Jenkins Reid,Length: 8 hrs and 5 mins
A Little Life,Hanya Yanagihara,Length: 32 hrs and 51 mins
Meet Me There,K.M. Neuhold,Length: 7 hrs and 9 mins
The Poisonwood Bible,Barbara Kingsolver,Length: 15 hrs and 34 mins
The Fisherman,John Langan,Length: 11 hrs and 27 mins
Unlock Your Potential,Jeff Lerner,Length: 12 hrs and 42 mins
Survival of the Richest,Douglas Rushkoff,Length: 6 hrs and 18 mins
The Monkey Wrench Gang,Edward Abbey,Length: 16 hrs and 41 mins
Grandma Gatewood's Walk,Ben Montgomery,Length: 7 hrs and 54 mins
Salt to the Sea,Ruta Sepetys,Length: 8 hrs and 47 mins
Love's Executioner,Irvin D. Yalom,Length: 10 hrs and 57 mins
Left of Bang,"Patrick Van Horne,Jason A. Riley",Length: 5 hrs and 57 mins
Solve for Happy,Mo Gawdat,Length: 11 hrs and 12 mins
A Land Remembered,Patrick D. Smith,Length: 14 hrs and 59 mins
March,Geraldine Brooks,Length: 10 hrs and 19 mins
"The Great Game of Business, Expanded and Updated","Jack Stack,Bo Burlingham",Length: 7 hrs and 7 mins
And Then There Were None,Agatha Christie,Length: 6 hrs and 1 min
Nonviolent Communication,Marshall Rosenberg PhD,Length: 5 hrs and 9 mins
The Giver,Lois Lowry,Length: 4 hrs and 49 mins
One Second After,William R. Forstchen,Length: 13 hrs and 17 mins
Red Notice,Bill Browder,Length: 14 hrs and 7 mins
Secrets of the Millionaire Mind,T. Harv Eker,Length: 5 hrs and 10 mins
The Lean Startup,Eric Ries,Length: 8 hrs and 38 mins
The Prince,Niccolo Machiavelli,Length: 4 hrs and 47 mins
Between the World and Me,Ta-Nehisi Coates,Length: 3 hrs and 35 mins
The Bell Jar,Sylvia Plath,Length: 7 hrs and 24 mins
Down the Rabbit Hole,Holly Madison,Length: 10 hrs and 51 mins
Their Eyes Were Watching God,Zora Neale Hurston,Length: 6 hrs and 44 mins
The Seat of the Soul,Gary Zukav,Length: 10 hrs and 12 mins
Freakonomics,"Steven D. Levitt,Stephen J. Dubner",Length: 7 hrs and 51 mins
The Guns of August,Barbara W. Tuchman,Length: 19 hrs and 9 mins
Why Does He Do That?,Lundy Bancroft,Length: 13 hrs and 32 mins
The Power of Moments,"Chip Heath,Dan Heath",Length: 6 hrs and 24 mins
A Thousand Splendid Suns,Khaled Hosseini,Length: 11 hrs and 43 mins
Undaunted Courage,Stephen E. Ambrose,Length: 21 hrs and 40 mins
Fear and Loathing in Las Vegas,Hunter S. Thompson,Length: 6 hrs
What Got You Here Won't Get You There,"Marshall Goldsmith,Mark Reiter",Length: 9 hrs and 39 mins
The Celestine Prophecy,James Redfield,Length: 8 hrs and 27 mins
Made to Stick,"Chip Heath,Dan Heath",Length: 8 hrs and 37 mins
Knowing God,J. I. Packer,Length: 10 hrs
Flow,Mihaly Csikszentmihalyi Ph.D.,Length: 5 hrs and 31 mins
Unrestricted Warfare,"Qiao Liang,Wang Xiangsui",Length: 7 hrs and 32 mins
Surviving My Birthright,"Casey Hammer,Heather McDonald - foreword",Length: 7 hrs and 36 mins
Our Missing Hearts,Celeste Ng,Length: 9 hrs and 51 mins
The Hunted,Jeff Wheeler,Length: 9 hrs and 2 mins
Robert B. Parker's Fallout,Mike Lupica,Length: 8 hrs and 9 mins
Unmanageable,"Leslie McAdam,Heart Eyes Press LGBTQ",Length: 6 hrs and 45 mins
The Medieval Legacy,"Carol Symes,The Great Courses",Length: 18 hrs and 15 mins
Black Marxism,"Cedric J. Robinson,Robin D.G. Kelley - foreword,Tiffany Willoughby-Herard - preface,Damien Sojoyner - preface",Length: 20 hrs
Murder in the Library,Katie Gayle,Length: 7 hrs and 6 mins
Long Live the Pumpkin Queen,Shea Ernshaw,Length: 6 hrs and 28 mins
Fangs Out,"J.N. Chaney,Chris Kennedy",Length: 9 hrs and 42 mins
The Throne of Fire,Rick Riordan,Length: 12 hrs and 55 mins
On Repentance and Repair,Danya Ruttenberg,Length: 9 hrs and 21 mins
Raising Emotionally Strong Boys,"David Thomas LMSW,Sissy Goff - foreword",Length: 5 hrs and 4 mins
Husband Material,Alexis Hall,Length: 13 hrs and 35 mins
The Big Lie,Jonathan Lemire,Length: 10 hrs and 20 mins
Help Is Here,Max Lucado,Length: 4 hrs and 38 mins
What She Found,Robert Dugoni,Length: 10 hrs and 1 min
Me and Paul,"Willie Nelson,David Ritz - contributor",Length: 4 hrs and 48 mins
The Steal Like an Artist Audio Trilogy,Austin Kleon,Length: 4 hrs and 32 mins
In the Shadow of Love,J.E. Leak,Length: 10 hrs and 56 mins
Remnant Faction,Glynn Stewart,Length: 11 hrs and 29 mins
Womb Awakening,"Azra Bertrand MD,Seren Bertrand",Length: 24 hrs and 52 mins
The Mistress of Longbourn,Jann Rowland,Length: 16 hrs and 5 mins
Eversion,Alastair Reynolds,Length: 10 hrs and 3 mins
Algorithms to Live By,"Brian Christian,Tom Griffiths",Length: 11 hrs and 50 mins
East of Eden,John Steinbeck,Length: 25 hrs and 23 mins
Signal Moon,Kate Quinn,Length: 1 hr and 22 mins
The Millionaire's Wife,Shalini Boland,Length: 7 hrs and 25 mins
Undisputed Truth,"Mike Tyson,Larry Sloman",Length: 20 hrs and 46 mins
Heart of the Pack,Lisa Edmonds,Length: 8 hrs and 36 mins
Waiting for a Love Song,Jaime Clevenger,Length: 8 hrs and 45 mins
Pine Cove: The Complete Series,HJ Welch,Length: 59 hrs and 26 mins
Signal Moon,Kate Quinn,Length: 1 hr and 22 mins
The Millionaire's Wife,Shalini Boland,Length: 7 hrs and 25 mins
The Invention of Nature,Andrea Wulf,Length: 14 hrs and 3 mins
Undisputed Truth,"Mike Tyson,Larry Sloman",Length: 20 hrs and 46 mins
Heart of the Pack,Lisa Edmonds,Length: 8 hrs and 36 mins
Waiting for a Love Song,Jaime Clevenger,Length: 8 hrs and 45 mins
Pine Cove: The Complete Series,HJ Welch,Length: 59 hrs and 26 mins
Blue Shift,"J.N. Chaney,Terry Maggert",Length: 11 hrs and 20 mins
Extreme Weight Loss Hypnosis for Women,Elizabeth Adams,Length: 10 hrs and 1 min
The Last Text,Alice Winters,Length: 3 hrs and 55 mins
What Lies Beyond the Veil,Harper L. Woods,Length: 13 hrs and 1 min
Wonder,R. J. Palacio,Length: 7 hrs and 10 mins
Big Chicas Don't Cry,Annette Chavez Macias,Length: 10 hrs and 52 mins
Mission One,Samuel Best,Length: 10 hrs and 9 mins
Life 3.0,Max Tegmark,Length: 13 hrs and 29 mins
The Forever War,Joe Haldeman,Length: 9 hrs and 18 mins
Great by Choice,"Jim Collins,Morten T. Hansen",Length: 8 hrs and 45 mins
The Communist Manifesto,Karl Marx,Length: 1 hr and 34 mins
The Gene,Siddhartha Mukherjee,Length: 19 hrs and 22 mins
I Contain Multitudes,Ed Yong,Length: 9 hrs and 52 mins
The Weight of Ink,Rachel Kadish,Length: 23 hrs and 19 mins
Flirting with Monsters,Eva Chase,Length: 32 hrs and 13 mins
Beware of Chicken: A Xianxia Cultivation Novel,Casualfarmer,Length: 12 hrs and 35 mins
The Golem and the Jinni,Helene Wecker,Length: 19 hrs and 42 mins
A Really Good Day,Ayelet Waldman,Length: 7 hrs and 37 mins
Lemuria,Greig Beck,Length: 11 hrs and 7 mins
Servants of the Damned,David Enrich,Length: 10 hrs and 44 mins
They Knew,Sarah Kendzior,Length: 9 hrs and 49 mins
Scenes from My Life,"Michael K. Williams,Jon Sternfeld",Length: 6 hrs and 50 mins
The Lost Girls of Willowbrook,Ellen Marie Wiseman,Length: 13 hrs and 13 mins
Ruination,Anthony Reynolds,Length: 12 hrs and 50 mins
The American Roommate Experiment,Elena Armas,Length: 14 hrs and 47 mins
Bully Market,Jamie Fiore Higgins,Length: 8 hrs and 41 mins
Platonic,Marisa G. Franco,Length: 10 hrs and 57 mins
Slouching Towards Utopia,J. Bradford DeLong,Length: 20 hrs and 13 mins
Critical Role: The Mighty Nein--The Nine Eyes of Lucien,"Madeleine Roux,Critical Role",Length: Not Yet Known
Farewells and Forever,Heather Long,Length: 7 hrs and 48 mins
Solaris,"Stanislaw Lem,Bill Johnston - translator",Length: 7 hrs and 42 mins
The Master and Margarita,Mikhail Bulgakov,Length: 16 hrs and 52 mins
Helter Skelter,"Vincent Bugliosi,Curt Gentry",Length: 26 hrs and 29 mins
"Strong Fathers, Strong Daughters",Meg Meeker,Length: 7 hrs and 4 mins
The Palace Papers,Tina Brown,Length: 17 hrs and 56 mins
Mean Baby,Selma Blair,Length: 9 hrs and 43 mins
Dark Class,Michelle Diener,Length: 13 hrs
The Seven Husbands of Evelyn Hugo,Taylor Jenkins Reid,Length: 12 hrs and 10 mins
Mafia Obsession,L. Steele,Length: 11 hrs and 57 mins
The Once and Future King,T. H. White,Length: 33 hrs
The Exorcist,William Peter Blatty,Length: 12 hrs and 51 mins
How to Raise an Adult,Julie Lythcott-Haims,Length: 12 hrs and 31 mins
If We Were Villains,M. L. Rio,Length: 12 hrs and 50 mins
In the Long Run,Haley Cass,Length: 16 hrs and 23 mins
The Primal Hunter 3,Zogarth,Length: 18 hrs and 23 mins
"A Patriot’s History of the United States, Updated Edition","Larry Schweikart,Michael Allen",Length: 55 hrs and 43 mins
An Unquiet Mind,Kay Redfield Jamison,Length: 2 hrs and 46 mins
How to Master the Art of Selling,Tom Hopkins,Length: 15 hrs and 28 mins
Peak,"Robert Pool,Anders Ericsson",Length: 10 hrs
Who,"Geoff Smart,Randy Street",Length: 4 hrs and 47 mins
Play Bigger,"Alan Ramadan,Dave Peterson,Christopher Lochhead,Kevin Maney",Length: 8 hrs and 7 mins
The Fourth Monkey,J. D. Barker,Length: 12 hrs and 32 mins
The Sign of the Beaver,Elizabeth George Speare,Length: 3 hrs and 11 mins
How to Master the Art of Selling,Tom Hopkins,Length: 15 hrs and 28 mins
Who,"Geoff Smart,Randy Street",Length: 4 hrs and 47 mins
Play Bigger,"Alan Ramadan,Dave Peterson,Christopher Lochhead,Kevin Maney",Length: 8 hrs and 7 mins
The Sign of the Beaver,Elizabeth George Speare,Length: 3 hrs and 11 mins
The House of God,Samuel Shem,Length: 14 hrs and 54 mins
Monster,Walter Dean Myers,Length: 2 hrs and 35 mins
The Fourth Monkey,J. D. Barker,Length: 12 hrs and 32 mins
Gilded Ghost,Kyle Kirrin,Length: 21 hrs and 28 mins
The Art of Seduction,Robert Greene,Length: 5 hrs and 9 mins
The Inn on Harmony Island,Anne-Marie Meyer,Length: 7 hrs and 13 mins
The Tiger,John Vaillant,Length: 12 hrs and 5 mins
A Tale for the Time Being,Ruth Ozeki,Length: 14 hrs and 43 mins
Dark Whispers from Beyond,I. T. Lucas,Length: 8 hrs and 14 mins
Elusive Relations,Nicky James,Length: 11 hrs and 37 mins
How Will You Measure Your Life?,"Clayton M. Christensen,James Allworth",Length: 5 hrs and 28 mins
The Other Einstein,Marie Benedict,Length: 8 hrs and 30 mins
Tao Te Ching,"Stephen Mitchell,Lao Tzu",Length: 1 hr and 41 mins
Addicted to You,"Krista Ritchie,Becca Ritchie",Length: 12 hrs and 3 mins
The Omnivore's Dilemma,Michael Pollan,Length: 15 hrs and 53 mins
Why Zebras Don't Get Ulcers,Robert Sapolsky,Length: 17 hrs and 16 mins
13 Things Mentally Strong People Don't Do,Amy Morin,Length: 6 hrs and 36 mins
On the Road,Jack Kerouac,Length: 11 hrs and 8 mins
The Mindbody Prescription,John E. Sarno M.D.,Length: 7 hrs and 4 mins
Pre-Suasion,Robert B. Cialdini,Length: 9 hrs and 24 mins
The Cost of Discipleship,Dietrich Bonhoeffer,Length: 9 hrs
Say You Swear,Meagan Brandy,Length: 17 hrs and 4 mins
Endurance,Alfred Lansing,Length: 10 hrs and 20 mins
The Purpose Driven Life,Rick Warren,Length: 9 hrs and 38 mins
The Big Leap,Gay Hendricks,Length: 5 hrs and 27 mins
Pachinko,Min Jin Lee,Length: 18 hrs and 16 mins
Diana,Andrew Morton,Length: 13 hrs and 2 mins
Psycho-Cybernetics,Maxwell Maltz,Length: 12 hrs and 16 mins
The Goal,"Eliyahu M. Goldratt,Jeff Cox",Length: 11 hrs and 45 mins
Shantaram,Gregory David Roberts,Length: 42 hrs and 59 mins
The Things They Carried,Tim O'Brien,Length: 7 hrs and 47 mins
Beloved,Toni Morrison,Length: 12 hrs and 3 mins
The Hate U Give,Angie Thomas,Length: 11 hrs and 50 mins
Titan,Ron Chernow,Length: 35 hrs and 3 mins
Genghis Khan and the Making of the Modern World,Jack Weatherford,Length: 14 hrs and 20 mins
Just Mercy (Movie Tie-In Edition),Bryan Stevenson,Length: 11 hrs and 11 mins
Hillbilly Elegy,J. D. Vance,Length: 6 hrs and 49 mins
As a Man Thinketh,James Allen,Length: 55 mins
Wildflower,Drew Barrymore,Length: 7 hrs and 5 mins
Napoleon,Andrew Roberts,Length: 32 hrs and 56 mins
Based on a True Story,Norm Macdonald,Length: 7 hrs and 18 mins
The Unseen Realm,Dr. Michael S. Heiser,Length: 15 hrs and 43 mins
Homegoing,Yaa Gyasi,Length: 13 hrs and 11 mins
The TB12 Method,Tom Brady,Length: 6 hrs and 55 mins
We Have Always Lived in the Castle,Shirley Jackson,Length: 5 hrs and 32 mins
The Power Broker,Robert A. Caro,Length: 66 hrs and 9 mins
Scaling Up,Verne Harnish,Length: 8 hrs and 49 mins
Oh Crap! Potty Training,Jamie Glowacki,Length: 8 hrs and 4 mins
Life of Pi,Yann Martel,Length: 12 hrs and 53 mins
The Shack,William P. Young,Length: 9 hrs and 15 mins
Father of the Mountain,Torsten Weitze,Length: 21 hrs and 2 mins
The Leadership Challenge Sixth Edition,"James M. Kouzes,Barry Posner",Length: 11 hrs and 4 mins
The Last Kingdom,Bernard Cornwell,Length: 13 hrs and 28 mins
Pre-Suasion,Robert B. Cialdini,Length: 9 hrs and 24 mins
The Five People You Meet in Heaven,Mitch Albom,Length: 4 hrs and 38 mins
Running on Empty,"Christine Musello PsyD,Jonice Webb PhD",Length: 7 hrs and 46 mins
Scrappy Little Nobody,Anna Kendrick,Length: 6 hrs
Manufacturing Consent,"Edward S. Herman,Noam Chomsky",Length: 15 hrs and 24 mins
The Mindbody Prescription,John E. Sarno M.D.,Length: 7 hrs and 4 mins
The Book of Goose,Yiyun Li,Length: 9 hrs and 2 mins
Royally Rearranged,Emma St. Clair,Length: 10 hrs and 25 mins
Complaint!,Sara Ahmed,Length: 14 hrs and 32 mins
Good Inside,Becky Kennedy,Length: 9 hrs and 55 mins
The Story of Russia,Orlando Figes,Length: 12 hrs and 41 mins
Reckoning,Catherine Coulter,Length: 11 hrs and 50 mins
Fury,Nicoli Gonnella,Length: 23 hrs and 37 mins
The Fifth Season,N. K. Jemisin,Length: 15 hrs and 27 mins
Hatchet,Gary Paulsen,Length: 3 hrs and 42 mins
Fanatical Prospecting,Jeb Blount,Length: 8 hrs and 21 mins
The Hero with a Thousand Faces,Joseph Campbell,Length: 14 hrs and 37 mins
Gone Girl,Gillian Flynn,Length: 19 hrs and 57 mins
The Boys in the Boat,Daniel James Brown,Length: 14 hrs and 24 mins
Bossypants,Tina Fey,Length: 5 hrs and 32 mins
Alexander Hamilton,Ron Chernow,Length: 35 hrs and 58 mins
A Wizard of Earthsea,Ursula K. Le Guin,Length: 7 hrs and 17 mins
Neuromancer,William Gibson,Length: 10 hrs and 31 mins
The Road,Cormac McCarthy,Length: 6 hrs and 39 mins
Debt - Updated and Expanded,David Graeber,Length: 17 hrs and 48 mins
The Power of Your Subconscious Mind,Joseph Murphy,Length: 6 hrs and 58 mins
The Advantage,Patrick Lencioni,Length: 5 hrs and 25 mins
When Breath Becomes Air,"Paul Kalanithi,Abraham Verghese - foreword",Length: 5 hrs and 35 mins
A Wrinkle in Time,Madeleine L'Engle,Length: 6 hrs and 27 mins
Charlotte's Web,E. B. White,Length: 3 hrs and 34 mins
Matilda,Roald Dahl,Length: 4 hrs and 18 mins
Wild at Heart,John Eldredge,Length: 8 hrs and 20 mins
Year of Yes,Shonda Rhimes,Length: 7 hrs and 4 mins
Practical Magic,Alice Hoffman,Length: 9 hrs and 12 mins
Ikigai,"Héctor García,Francesc Miralles",Length: 3 hrs and 18 mins
The Ideal Team Player,Patrick M. Lencioni,Length: 5 hrs and 3 mins
Journey of Souls,Michael Newton,Length: 11 hrs and 18 mins
"The Go-Giver, Expanded Edition","Bob Burg,John David Mann",Length: 2 hrs and 54 mins
Into the Wild,Jon Krakauer,Length: 7 hrs and 5 mins
Station Eleven (Television Tie-in),Emily St. John Mandel,Length: 10 hrs and 40 mins
"Creativity, Inc.","Ed Catmull,Amy Wallace",Length: 12 hrs and 52 mins
The Goldfinch,Donna Tartt,Length: 32 hrs and 24 mins
In Order to Live,Yeonmi Park,Length: 9 hrs and 37 mins
Rocket Fuel,"Gino Wickman,Mark C. Winters",Length: 4 hrs and 26 mins
How Emotions Are Made,Lisa Feldman Barrett,Length: 14 hrs and 32 mins
The Universe Has Your Back,Gabrielle Bernstein,Length: 4 hrs and 30 mins
Off to Be the Wizard,Scott Meyer,Length: 10 hrs and 45 mins
A Child Called 'It',David Pelzer,Length: 3 hrs and 46 mins
The Speed of Trust,Stephen M. R. Covey,Length: 12 hrs and 13 mins
Kindred,Octavia E. Butler,Length: 10 hrs and 55 mins
Captivate,Vanessa Van Edwards,Length: 7 hrs and 28 mins
Switch,"Dan Heath,Chip Heath",Length: 7 hrs and 43 mins
1491,Charles C. Mann,Length: 16 hrs and 17 mins
Antifragile,Nassim Nicholas Taleb,Length: 16 hrs and 14 mins
A Return to Love,Marianne Williamson,Length: 2 hrs and 40 mins
They Both Die at the End,Adam Silvera,Length: 8 hrs and 30 mins
Lords of Finance,Liaquat Ahamed,Length: 18 hrs and 32 mins
The Road Less Traveled,M. Scott Peck M.D.,Length: 4 hrs and 23 mins
Loving What Is,"Byron Katie,Stephen Mitchell",Length: 9 hrs and 7 mins
Turtles All the Way Down,John Green,Length: 7 hrs and 12 mins
John Dies at the End,David Wong,Length: 14 hrs and 17 mins
Contagious,Jonah Berger,Length: 6 hrs and 50 mins
The Mists of Avalon,Marion Zimmer Bradley,Length: 50 hrs and 53 mins
Switch,"Dan Heath,Chip Heath",Length: 7 hrs and 43 mins
Kindred,Octavia E. Butler,Length: 10 hrs and 55 mins
Antifragile,Nassim Nicholas Taleb,Length: 16 hrs and 14 mins
A Return to Love,Marianne Williamson,Length: 2 hrs and 40 mins
Lords of Finance,Liaquat Ahamed,Length: 18 hrs and 32 mins
The Road Less Traveled,M. Scott Peck M.D.,Length: 4 hrs and 23 mins
Loving What Is,"Byron Katie,Stephen Mitchell",Length: 9 hrs and 7 mins
Turtles All the Way Down,John Green,Length: 7 hrs and 12 mins
John Dies at the End,David Wong,Length: 14 hrs and 17 mins
1491,Charles C. Mann,Length: 16 hrs and 17 mins
Contagious,Jonah Berger,Length: 6 hrs and 50 mins
The Mists of Avalon,Marion Zimmer Bradley,Length: 50 hrs and 53 mins
The Game,Neil Strauss,Length: 9 hrs and 27 mins
The Easy Way to Stop Smoking,Allen Carr,Length: 5 hrs and 59 mins
The Charisma Myth,Olivia Fox Cabane,Length: 8 hrs and 20 mins
"Eat, Pray, Love",Elizabeth Gilbert,Length: 12 hrs and 49 mins
The Ramona Quimby Audio Collection,"Beverly Cleary,Tracy Dockray",Length: 18 hrs and 56 mins
The Monk Who Sold His Ferrari,Robin Sharma,Length: 6 hrs and 34 mins
So Good They Can't Ignore You,Cal Newport,Length: 6 hrs and 28 mins
Narrative of the Life of Frederick Douglass,Frederick Douglass,Length: 4 hrs and 12 mins
"The Conversion Code, 2nd Edition",Chris Smith,Length: 8 hrs and 45 mins
Gleam,Raven Kennedy,Length: 21 hrs and 1 min
Raw,Misty Vixen,Length: 8 hrs and 1 min
A Brief History of Black Holes,Dr Rebecca Smethurst,Length: 7 hrs and 5 mins
Chill and Prosper,Denise Duffield-Thomas,Length: 8 hrs and 59 mins
Recoil,Mike Ryan,Length: 4 hrs and 57 mins
Playing Games,Riley Hart,Length: 6 hrs and 36 mins
Ravens of Winter: Bound to the Fae—Books 4-6,Eva Chase,Length: 25 hrs and 59 mins
Overtaken Online Books 1-4,Ben Ormstad,Length: 56 hrs and 34 mins
Out of the Clear Blue Sky,Kristan Higgins,Length: 14 hrs and 49 mins
The House of Fortune,Jessie Burton,Length: 12 hrs and 17 mins
The YouTube Formula,"Derral Eves,""Mr. Beast"" Jimmy Donaldson - foreword",Length: 10 hrs and 3 mins
Mission One,Samuel Best,Length: 10 hrs and 9 mins
All the Women in My Brain,Betty Gilpin,Length: 8 hrs and 12 mins
Prisoners of the Castle,Ben Macintyre,Length: 13 hrs and 25 mins
Split Decision,"Ice-T,Spike,Douglas Century",Length: 8 hrs and 53 mins
Paladin of the Sword,Marvin Knight,Length: 14 hrs and 47 mins
Born to Shine,Kendra Scott,Length: 6 hrs and 6 mins
Beyond the Moonlit Sea,Julianne MacLean,Length: 9 hrs and 50 mins
Rejection,"K. Loraine,Meg Anne",Length: 10 hrs and 3 mins
Out of the Clear Blue Sky,Kristan Higgins,Length: 14 hrs and 49 mins
The House of Fortune,Jessie Burton,Length: 12 hrs and 17 mins
The SHRM CP Society for Human Resource Management Certified Professional Study Guide - Expanded Edition: Proven Methods for Passing the SHRM CP & SCP Exam With Confidence,"Deborah Scott,Scientia Media Group",Length: 14 hrs and 25 mins
The YouTube Formula,"Derral Eves,""Mr. Beast"" Jimmy Donaldson - foreword",Length: 10 hrs and 3 mins
Thinking 101,Woo-kyoung Ahn,Length: 7 hrs and 32 mins
All the Women in My Brain,Betty Gilpin,Length: 8 hrs and 12 mins
Prisoners of the Castle,Ben Macintyre,Length: 13 hrs and 25 mins
Split Decision,"Ice-T,Spike,Douglas Century",Length: 8 hrs and 53 mins
Paladin of the Sword,Marvin Knight,Length: 14 hrs and 47 mins
When in Rome,Sarah Adams,Length: 9 hrs and 46 mins
Born to Shine,Kendra Scott,Length: 6 hrs and 6 mins
Beyond the Moonlit Sea,Julianne MacLean,Length: 9 hrs and 50 mins
Rejection,"K. Loraine,Meg Anne",Length: 10 hrs and 3 mins
Bone Deep,"Charles Bosworth,Joel Schwartz",Length: 11 hrs and 20 mins
The Librarian Spy,Madeline Martin,Length: 10 hrs and 30 mins
Life's Work,David Milch,Length: 9 hrs and 31 mins
Don't Believe Everything You Think,Joseph Nguyen,Length: 2 hrs and 16 mins
The Trouble with Whiskey: Dare Whiskey,Melissa Foster,Length: 11 hrs and 21 mins
Salinity Cove: The Complete Series,Maya Nicole,Length: 15 hrs and 57 mins
Uncharted Waters,Sally Hepworth,Length: 1 hr and 44 mins
American Kingpin,Nick Bilton,Length: 12 hrs and 14 mins
Leading Change,John P. Kotter,Length: 6 hrs and 34 mins
Go for No!,"Richard Fenton,Andrea Waltz",Length: 1 hr and 33 mins
Evicted,Matthew Desmond,Length: 11 hrs and 3 mins
Kill Streak,Curator Omega,Length: 14 hrs and 32 mins
Fluke and the Frontier Farce,Sam Burns,Length: 6 hrs and 5 mins
For the Life of the World,Alexander Schmemann,Length: 6 hrs and 38 mins
Bad Mexicans,Kelly Lytle Hernández,Length: 13 hrs and 35 mins
"Men Are from Mars, Women Are from Venus",John Gray,Length: 9 hrs and 28 mins
Robert E. Howard's Conan the Cimmerian Barbarian,"Robert E. Howard,Finn J. D. John",Length: 35 hrs and 6 mins
Beyond the Blue,TJ O'Shea,Length: 10 hrs and 16 mins
Sky on Fire,Lindsay Buroker,Length: 18 hrs and 46 mins
Supernatural Inc.: Book 1,Simon Archer,Length: 7 hrs and 36 mins
"No Retreat, No Surrender","Oscar Chalupsky,Graham Spence",Length: 10 hrs
The Orville,Seth MacFarlane,Length: 3 hrs and 5 mins
The Leadership Secrets of Nick Saban,John Talty,Length: 8 hrs and 27 mins
The First Tower,Tristan H. Brown,Length: 8 hrs and 33 mins
I Am Legend,Richard Matheson,Length: 5 hrs and 20 mins
Song of Solomon,Toni Morrison,Length: 15 hrs and 28 mins
Strengths Based Leadership,Tom Rath,Length: 4 hrs and 48 mins
Cleopatra and Frankenstein,Coco Mellors,Length: 14 hrs and 31 mins
"Men Are from Mars, Women Are from Venus",John Gray,Length: 9 hrs and 28 mins
Robert E. Howard's Conan the Cimmerian Barbarian,"Robert E. Howard,Finn J. D. John",Length: 35 hrs and 6 mins
Sky on Fire,Lindsay Buroker,Length: 18 hrs and 46 mins
The Orville,Seth MacFarlane,Length: 3 hrs and 5 mins
The Leadership Secrets of Nick Saban,John Talty,Length: 8 hrs and 27 mins
The First Tower,Tristan H. Brown,Length: 8 hrs and 33 mins
Song of Solomon,Toni Morrison,Length: 15 hrs and 28 mins
Strengths Based Leadership,Tom Rath,Length: 4 hrs and 48 mins
Swan Song,Robert R. McCammon,Length: 34 hrs and 19 mins
The Proper Care and Feeding of Husbands,Dr. Laura Schlessinger,Length: 2 hrs and 21 mins
The Outward Mindset,The Arbinger Institute,Length: 4 hrs and 22 mins
Sula,Toni Morrison,Length: 5 hrs and 46 mins
Devotion,Adam Makos,Length: 14 hrs and 44 mins
The Bassoon King,Rainn Wilson,Length: 8 hrs and 49 mins
The Complete TurtleTrader,Michael W. Covel,Length: 10 hrs and 8 mins
Seven Years in Tibet,"Heinrich Harrer,Richard Graves",Length: 11 hrs and 38 mins
"Kiss the Sky: Calloway Sisters, Book 1","Krista Ritchie,Becca Ritchie",Length: 14 hrs and 7 mins
Legend,Marie Lu,Length: 7 hrs and 48 mins
The Love Dare,"Stephen Kendrick,Alex Kendrick",Length: 5 hrs and 48 mins
Grain Brain,"David Perlmutter,Kristin Loberg",Length: 9 hrs and 18 mins
Into the Water,Paula Hawkins,Length: 11 hrs and 32 mins
Death in Yellowstone,Lee H. Whittlesey,Length: 13 hrs and 26 mins
The Salt Fix,Dr. J. DiNicolantonio,Length: 7 hrs and 27 mins
Live from New York,"James Andrew Miller,Tom Shales",Length: 28 hrs and 18 mins
How I Raised Myself from Failure to Success in Selling,Frank Bettger,Length: 6 hrs and 15 mins
The Bear and the Nightingale,Katherine Arden,Length: 11 hrs and 48 mins
"Strong Mothers, Strong Sons",Meg Meeker,Length: 12 hrs and 53 mins
Assata,"Assata Shakur,Angela Davis - foreword",Length: 12 hrs and 18 mins
The Ghost King,R. A. Salvatore,Length: 12 hrs and 33 mins
Conscious Uncoupling,Katherine Woodward Thomas MA MFT,Length: 9 hrs and 35 mins
The Happiness Project,Gretchen Rubin,Length: 10 hrs and 15 mins
"Heart of Stone: The Stone Series, Volume 1",Dakota Willink,Length: 13 hrs and 59 mins
A Room of One's Own,Virginia Woolf,Length: 5 hrs and 1 min
El Hombre Mas Rico De Babilonia [The Richest Man in Babylon],George S. Clason,Length: 5 hrs and 20 mins
Father and I Were Ranchers,Ralph Moody,Length: 8 hrs and 10 mins
The Ultimate Sales Machine,Chet Holmes,Length: 9 hrs and 13 mins
WomanCode,Alisa Vitti,Length: 7 hrs and 49 mins
Lost at School,Ross W. Greene PhD,Length: 10 hrs and 2 mins
The Looming Tower,Lawrence Wright,Length: 16 hrs and 31 mins
The Other End of the Leash,Patricia McConnell PhD,Length: 9 hrs and 52 mins
The Miraculous Journey of Edward Tulane,Kate DiCamillo,Length: 1 hr and 55 mins
COVID-19 and the Global Predators,"Peter Roger Breggin,Ginger Breggin",Length: 24 hrs and 9 mins
Promise of Blood,Brian McClellan,Length: 19 hrs and 1 min
Alan Turing: The Enigma,Andrew Hodges,Length: 30 hrs and 40 mins
The Souls of Black Folk,W. E. B. Du Bois,Length: 8 hrs and 32 mins
Raising Grateful Kids in an Entitled World,Kristen Welch,Length: 5 hrs and 44 mins
Gilead (Oprah's Book Club),Marilynne Robinson,Length: 8 hrs and 54 mins
The Longest Day,Cornelius Ryan,Length: 8 hrs and 46 mins
Blood Song,Anthony Ryan,Length: 23 hrs and 5 mins
Goodnight Moon,Margaret Wise Brown,Length: 4 mins
Rise Sister Rise,Rebecca Campbell,Length: 6 hrs and 38 mins
Things We Never Got Over,Lucy Score,Length: 16 hrs and 1 min
Home Again,Jerry Boyd,Length: 8 hrs and 37 mins
Surrender,Bono,Length: Not Yet Known
Building a Second Brain,Tiago Forte,Length: 7 hrs and 20 mins
On the Rooftop,Margaret Wilkerson Sexton,Length: 10 hrs and 29 mins
A Gentle Reminder,Bianca Sparacino,Length: 2 hrs and 31 mins
The Ink Black Heart,Robert Galbraith,Length: 32 hrs and 43 mins
How to Be a Boss B*tch,"Christine Quinn,Rachel Holtzman",Length: 7 hrs and 43 mins
The Spanish Love Deception,Elena Armas,Length: 14 hrs and 32 mins
Ruthless Games,Callie Rose,Length: 22 hrs and 43 mins
The Darkest Temptation,Danielle Lori,Length: 15 hrs and 33 mins
Ghost,Jason Reynolds,Length: 3 hrs and 29 mins
A Blade Through Time,Louis Kalman,Length: 11 hrs and 32 mins
"The Twelve Steps and Twelve Traditions of Overeaters Anonymous, Second Edition",Overeaters Anonymous,Length: 4 hrs and 43 mins
The Trouble with Secrets,Jean Grainger,Length: 7 hrs and 56 mins
Perfect Strangers,J.T. Geissinger,Length: 10 hrs and 41 mins
The Subtle Art of Not Giving a F*ck,Mark Manson,Length: 5 hrs and 17 mins
Beyond the Crushing Waves,Lilly Mirren,Length: 10 hrs and 55 mins
Revealing Revelation,"Amir Tsarfati,Rick Yohn",Length: 9 hrs and 46 mins
Cross My Heart,Avery Maxwell,Length: 9 hrs and 48 mins
Xavier,D.B. Reynolds,Length: 10 hrs and 57 mins
Crankshaft,K.M. Neuhold,Length: 5 hrs and 42 mins
Honor,Thrity Umrigar,Length: 11 hrs and 19 mins
Own Your Past Change Your Future,Dr. John Delony,Length: 6 hrs and 47 mins
Strange New World,"Carl R. Trueman,Ryan T. Anderson - foreword",Length: 5 hrs and 14 mins
These Twisted Bonds,Lexi Ryan,Length: 13 hrs and 35 mins
Sister Friends Forever,Kimberla Lawson Roby,Length: 8 hrs and 47 mins
Casual Farming 2,"Wolfe Locke,Mike Caliban",Length: 10 hrs and 38 mins
Ritual In Death,J. D. Robb,Length: 2 hrs and 54 mins
Fairy Tale,Stephen King,Length: 24 hrs and 6 mins
Witches,"Brenda Lozano,Heather Cleary - translator",Length: 6 hrs and 53 mins
Dying to Be Me,Anita Moorjani,Length: 7 hrs and 52 mins
"First, Break All the Rules","Marcus Buckingham,Gallup Press,Jim Harter - foreword",Length: 9 hrs and 51 mins
The Perfect Run 2,"Maxime J. Durand,Void Herald",Length: 18 hrs and 25 mins
American Demon,Daniel Stashower,Length: 12 hrs and 2 mins
For the Children's Sake,Susan Schaeffer Macaulay,Length: 6 hrs and 11 mins
World War Z: The Complete Edition,Max Brooks,Length: 12 hrs and 9 mins
Anne Frank: The Diary of a Young Girl,Anne Frank,Length: 9 hrs and 55 mins
Soul Fraud,Andrew Givler,Length: 10 hrs and 39 mins
"Set for Life, Revised Edition",Scott Trench,Length: 9 hrs and 22 mins
Call Me by Your Name,André Aciman,Length: 7 hrs and 48 mins
The Power of Intention,Dr. Wayne W. Dyer,Length: 4 hrs and 27 mins
People Who Eat Darkness,Richard Lloyd Parry,Length: 13 hrs and 8 mins
Liar's Poker,Michael Lewis,Length: 10 hrs and 16 mins
Bound by Deception,Brenda K. Davies,Length: 8 hrs and 55 mins
The Midnight Club,Christopher Pike,Length: 5 hrs and 55 mins
Hunger,Nicoli Gonnella,Length: 28 hrs and 7 mins
Always Practice Safe Hex,Juliette Cross,Length: 11 hrs and 37 mins
A Not So Meet Cute,Meghan Quinn,Length: 11 hrs and 53 mins
This Time Tomorrow,Emma Straub,Length: 8 hrs and 31 mins
The Book Woman's Daughter,Kim Michele Richardson,Length: 10 hrs and 29 mins
The English and Their History,Robert Tombs,Length: 43 hrs and 9 mins
The Psychedelic Explorer's Guide,James Fadiman PhD,Length: 11 hrs and 35 mins
The Power of One More,Ed Mylett,Length: 5 hrs and 19 mins
The Fae King's Curse,Jamie Schlosser,Length: 9 hrs and 29 mins
The Myth of Normal,"Gabor Maté,Daniel Maté",Length: 18 hrs and 12 mins
White Nights: The Complete Duet,"Anna Zaires,Charmaine Pauls",Length: 19 hrs and 31 mins
The Inmate,Freida McFadden,Length: 8 hrs and 5 mins
My Husband's Secret,L.G. Davis,Length: 6 hrs and 55 mins
Napoleon Hill's Outwitting the Devil,"Napoleon Hill,Sharon L. Lechter - editor",Length: 5 hrs and 51 mins
Less,Andrew Sean Greer,Length: 8 hrs and 17 mins
Getting to Yes,"Roger Fisher,William Ury",Length: 6 hrs and 17 mins
The Old Man and the Sea,Ernest Hemingway,Length: 2 hrs and 28 mins
Band of Brothers,Stephen E. Ambrose,Length: 12 hrs and 37 mins
Something Wicked This Way Comes,Ray Bradbury,Length: 9 hrs and 5 mins
The Demon-Haunted World,Carl Sagan,Length: 17 hrs and 23 mins
Unbroken,Laura Hillenbrand,Length: 13 hrs and 56 mins
The State of Affairs,Esther Perel,Length: 11 hrs and 57 mins
The Secret History,Donna Tartt,Length: 22 hrs and 3 mins
Grant,Ron Chernow,Length: 48 hrs and 2 mins
Paddle Your Own Canoe,Nick Offerman,Length: 10 hrs and 50 mins
Trump: The Art of the Deal,"Donald J. Trump,Tony Schwartz",Length: 9 hrs and 59 mins
The Kybalion,The Three Intiates,Length: 4 hrs and 6 mins
Benjamin Franklin: An American Life,Walter Isaacson,Length: 24 hrs and 40 mins
The Princess Bride,William Goldman,Length: 2 hrs and 32 mins
Fervent,Priscilla Shirer,Length: 4 hrs and 25 mins
A Walk in the Woods,Bill Bryson,Length: 9 hrs and 44 mins
Charlie and the Chocolate Factory,Roald Dahl,Length: 3 hrs and 18 mins
I Am Not Your Perfect Mexican Daughter,Erika L. Sánchez,Length: 9 hrs and 41 mins
Helmet for My Pillow,Robert Leckie,Length: 10 hrs and 24 mins
The Rising Sun,John Toland,Length: 41 hrs and 9 mins
One Flew Over the Cuckoo's Nest,"Ken Kesey,Robert Faggen - introduction",Length: 10 hrs and 32 mins
Born to Run,Bruce Springsteen,Length: 18 hrs and 12 mins
The Da Vinci Code,Dan Brown,Length: 16 hrs and 59 mins
Great Expectations,Charles Dickens,Length: 18 hrs and 32 mins
I Don't Have Enough Faith to Be an Atheist,"Norman L. Geisler,Frank Turek,David Limbaugh - foreword",Length: 14 hrs and 33 mins
The Obstacle Is the Way,Ryan Holiday,Length: 6 hrs and 7 mins
Adult Children of Emotionally Immature Parents,Lindsay C. Gibson PsyD,Length: 6 hrs and 50 mins
Cleopatra and Frankenstein,Coco Mellors,Length: 14 hrs and 31 mins
The Breathing Cure,Patrick McKeown,Length: 16 hrs and 29 mins
Tower Apocalypse,"Cassius Lange,Ryan Tang",Length: 17 hrs and 22 mins
Do Hard Things,Steve Magness,Length: 8 hrs and 53 mins
The Gap and the Gain,"Dan Sullivan,Dr. Benjamin Hardy",Length: 5 hrs and 58 mins
The Shadow Murders,"Jussi Adler-Olsen,William Frost - translator",Length: 13 hrs and 11 mins
Immaculate Corruption,Nicole Fox,Length: 10 hrs
Ruination,Anthony Reynolds,Length: 12 hrs and 50 mins
Under the Skin,Linda Villarosa,Length: 10 hrs and 4 mins
Defenders of the West,Raymond Ibrahim,Length: 13 hrs and 58 mins
Conservatism,Yoram Hazony,Length: 16 hrs and 42 mins
Uncultured,Daniella Mestyanek Young,Length: 13 hrs and 49 mins
Living Untethered,Michael A. Singer,Length: 5 hrs and 32 mins
Game of Crones,Amanda M. Lee,Length: 9 hrs and 58 mins
"The Truth About Energy, Global Warming, and Climate Change","Jerome R. Corsi PhD,Marc Morano - foreword",Length: 15 hrs and 26 mins
"The Ultimate Horror Collection: 60+ Novels and Stories from H.P. Lovecraft, Edgar Allan Poe, M.R. James, Bram Stoker, Henry James, Mary Shelley, and More","H. P. Lovecraft,Edgar Allan Poe,M. R. James,Oscar Wilde,Sheridan Le Fanu,Bram Stoker,Mary Shelley,Robert Louis Stevenson,Henry James",Length: 93 hrs and 12 mins
Smarter Faster Better,Charles Duhigg,Length: 10 hrs and 23 mins
Tempted by Danger,Endiya Carter,Length: 12 hrs and 17 mins
The World's Worst Assistant,"Sona Movsesian,Conan O'Brien - foreword",Length: 5 hrs and 25 mins
A Rebel's Manifesto,Sean McDowell,Length: 4 hrs and 28 mins
Last but Not Leashed,Eileen Brady,Length: 10 hrs and 28 mins
The Samsara Crucible,"Lorne Ryburn,caerulex",Length: 16 hrs and 16 mins
The Chosen One,Tevagah,Length: 15 hrs and 2 mins
The Nurse’s Secret,Amanda Skenandore,Length: 10 hrs and 47 mins
No Bad Parts,"Richard C. Schwartz PhD,Alanis Morissette - foreword introduction",Length: 8 hrs and 10 mins
The Anatomy of Peace (Fourth Edition),The Arbinger Institute,Length: 7 hrs and 39 mins
A Prayer for the Crown-Shy,Becky Chambers,Length: 3 hrs and 53 mins
The Final Gambit,Jennifer Lynn Barnes,Length: 11 hrs and 25 mins
The Mosquito Bowl,Buzz Bissinger,Length: 10 hrs and 58 mins
The Blade Itself,Joe Abercrombie,Length: 22 hrs and 15 mins
The Coaching Habit,Michael Bungay Stanier,Length: 3 hrs and 3 mins
The Trouble with Secrets,Jean Grainger,Length: 7 hrs and 56 mins
The Millionaire Fastlane: Crack the Code to Wealth and Live Rich for a Lifetime,MJ DeMarco,Length: 12 hrs and 46 mins
Untangled,Lisa Damour,Length: 8 hrs and 37 mins
Stories I Only Tell My Friends,Rob Lowe,Length: 9 hrs and 10 mins
SPQR,Mary Beard,Length: 18 hrs and 30 mins
Aristotle and Dante Discover the Secrets of the Universe,Benjamin Alire Saenz,Length: 7 hrs and 29 mins
The Road Back to You,"Ian Morgan Cron,Suzanne Stabile",Length: 9 hrs and 17 mins
American Sniper,"Chris Kyle,Scott McEwan,Jim DeFelice",Length: 10 hrs and 18 mins
Lincoln in the Bardo,George Saunders,Length: 7 hrs and 25 mins
SPQR,Mary Beard,Length: 18 hrs and 30 mins
The Road Back to You,"Ian Morgan Cron,Suzanne Stabile",Length: 9 hrs and 17 mins
Aristotle and Dante Discover the Secrets of the Universe,Benjamin Alire Saenz,Length: 7 hrs and 29 mins
American Sniper,"Chris Kyle,Scott McEwan,Jim DeFelice",Length: 10 hrs and 18 mins
Lincoln in the Bardo,George Saunders,Length: 7 hrs and 25 mins
A Family Torn Apart,Cathy Glass,Length: 7 hrs and 50 mins
More than Your Number,"Beth McCord,Jeff McCord",Length: 7 hrs and 40 mins
The Tao of Pooh,Benjamin Hoff,Length: 2 hrs and 46 mins
The Medici,Paul Strathern,Length: 16 hrs and 21 mins
Discerning the Voice of God,Priscilla Shirer,Length: 7 hrs and 8 mins
Sabriel,Garth Nix,Length: 10 hrs and 43 mins
One of Us Is Lying (TV Series Tie-In Edition),Karen M. McManus,Length: 10 hrs and 43 mins
Raw II,Misty Vixen,Length: 6 hrs and 44 mins
Dark Alpha’s Command,Donna Grant,Length: 10 hrs and 41 mins
Biomancer 2,Shemer Kuznits,Length: 13 hrs and 19 mins
If We Break,Kathleen Buhle,Length: 9 hrs and 46 mins
Twisted Love,Ana Huang,Length: 10 hrs and 41 mins
Why Buddhism Is True,Robert Wright,Length: 10 hrs and 29 mins
All Good People Here,Ashley Flowers,Length: 10 hrs and 35 mins
Cujo,Stephen King,Length: 14 hrs and 7 mins
Human Insanity,KamikazePotato,Length: 17 hrs and 6 mins
The Swamp Fox,John Oller,Length: 8 hrs and 47 mins
Brideshead Revisited,Evelyn Waugh,Length: 11 hrs and 33 mins
Childhood Disrupted,Donna Jackson Nakazawa,Length: 8 hrs and 4 mins
The Time Machine,H. G. Wells,Length: 3 hrs and 22 mins
The Girl Who Wrote in Silk,Kelli Estes,Length: 12 hrs and 21 mins
Peter and the Starcatchers,"Dave Barry,Ridley Pearson",Length: 8 hrs and 40 mins
The Emotionally Healthy Leader,Peter Scazzero,Length: 10 hrs and 54 mins
Weapons of Math Destruction,Cathy O'Neil,Length: 6 hrs and 23 mins
The Comanche Empire,Pekka Hamalainen,Length: 19 hrs and 51 mins
Finish,Jon Acuff,Length: 4 hrs and 58 mins
Bark to the Future,Spencer Quinn,Length: 9 hrs and 13 mins
Art & Fear,"David Bayles,Ted Orland",Length: 3 hrs and 8 mins
The Nature Fix,Florence Williams,Length: 8 hrs and 54 mins
"For Women Only, Revised and Updated Edition",Shaunti Feldhahn,Length: 4 hrs and 8 mins
The Alienist,Caleb Carr,Length: 20 hrs
Salt,Mark Kurlansky,Length: 13 hrs and 48 mins
The Everything Store,Brad Stone,Length: 13 hrs
Tom Clancy Red Winter,Marc Cameron,Length: Not Yet Known
Sons of Valor II: Violence of Action,"Brian Andrews,Jeffrey Wilson",Length: 12 hrs and 34 mins
The Road to Character,David Brooks,Length: 12 hrs and 17 mins
Sons of Valor II: Violence of Action,"Brian Andrews,Jeffrey Wilson",Length: 12 hrs and 34 mins
Reborn,D.I. Freed,Length: 23 hrs and 51 mins
The Name of the Wind,Patrick Rothfuss,Length: 27 hrs and 55 mins
The Cuckoo's Call,Lily Morton,Length: 10 hrs and 39 mins
Friendly Fire,Saxon James,Length: 6 hrs and 27 mins
Under the Skin,Linda Villarosa,Length: 10 hrs and 4 mins
January 6,Julie Kelly,Length: 10 hrs and 27 mins
What Moves the Dead,T. Kingfisher,Length: 5 hrs and 11 mins
Building a StoryBrand,Donald Miller,Length: 4 hrs and 56 mins
The Last Unicorn,"Peter S. Beagle,Patrick Rothfuss",Length: 8 hrs and 9 mins
The Running Man,Stephen King,Length: 7 hrs and 42 mins
Nimitz at War,Craig L. Symonds,Length: 14 hrs and 26 mins
Rise of the Weakest Summoner: Volume I,J. R. Saileri,Length: 8 hrs and 56 mins
What Lies Behind,"J.N. Chaney,Jonathan P. Brazee",Length: 10 hrs and 7 mins
Race Marxism,James Lindsay,Length: 12 hrs and 43 mins
Psycho Shifters,Jasmine Mas,Length: 8 hrs and 57 mins
Amplify Your Influence,Rene Rodriguez,Length: 6 hrs and 18 mins
Born to Run,Christopher McDougall,Length: 11 hrs and 6 mins
Because I Need You,Claire Contreras,Length: 10 hrs and 24 mins
The Devil You Know,Elizabeth O'Roark,Length: 8 hrs and 38 mins
A Child of a Crack Head,Shameek Speight,Length: 4 hrs and 31 mins
Paladin of the Shield,Marvin Knight,Length: 22 hrs and 57 mins
The 100 Biggest Mistakes That Poker Players Make,Alexander Fitzgerald,Length: 12 hrs and 38 mins
Never Caught,Erica Armstrong Dunbar,Length: 6 hrs and 45 mins
Overkill,Sandra Brown,Length: 10 hrs and 10 mins
The Upside of Uncertainty,"Nathan Furr,Susannah Harmon Furr",Length: 11 hrs and 13 mins
The Awakening,Kate Chopin,Length: 5 hrs and 30 mins
The Girl Next Door,Jack Ketchum,Length: 7 hrs and 13 mins
The Heroic Age Trilogy,Rob J. Hayes,Length: 44 hrs and 8 mins
In the Pines,Kendra Elliot,Length: 8 hrs and 51 mins
Shadowheist,"Terry Mancour,Emily Burch Harris",Length: Not Yet Known
Deep Black,Samuel Best,Length: 9 hrs and 48 mins
Cold Evidence,Robin James,Length: 7 hrs and 47 mins
Ten Trends to Seduce Your Bestfriend,Penny Reid,Length: 15 hrs and 55 mins
Glad You're Here,"Walker Hayes,Craig Allen Cooper",Length: 4 hrs and 20 mins
Nazi Billionaires,David de Jong,Length: 11 hrs and 55 mins
The Strange Death of Europe,Douglas Murray,Length: 12 hrs and 17 mins
The Storm Before the Storm,Mike Duncan,Length: 10 hrs and 13 mins
Murder Through the English Post,Jessica Ellicott,Length: 9 hrs
The Guarded One,Brittney Sahin,Length: 11 hrs and 38 mins
Highland Prize,Julie Johnstone,Length: 6 hrs and 9 mins
Demon Copperhead,Barbara Kingsolver,Length: Not Yet Known
The Hedge Wizard,Alex Maher,Length: 14 hrs and 21 mins
Barsoom Series Collection: 7 John Carter Stories,Edgar Rice Burroughs,Length: 54 hrs and 31 mins
La cabeza de mi padre [My Father’s Head],Alma Delia Murillo,Length: 5 hrs and 55 mins
White Rage,Carol Anderson,Length: 6 hrs and 5 mins
The Art of Invisibility,Kevin Mitnick,Length: 9 hrs and 17 mins
Ghost in the Wires,"Kevin Mitnick,William L. Simon",Length: 13 hrs and 59 mins
The Diary of St. Maria Faustina Kowalska,Saint Maria Faustina Kowalska,Length: 30 hrs and 9 mins
The Catch Me If You Can,Jessica Nabongo,Length: 12 hrs and 25 mins
Braiding Sweetgrass,Robin Wall Kimmerer,Length: 16 hrs and 44 mins
Behind Closed Doors,B. A. Paris,Length: 8 hrs and 30 mins
A Rebel's Manifesto,Sean McDowell,Length: 4 hrs and 28 mins
Why Can't I Just Leave,"Kristen Milstead PhD,Sandra L. Brown - foreword",Length: 10 hrs and 15 mins
Germination,Seth Ring,Length: 12 hrs
Never Split the Difference,Chris Voss,Length: 8 hrs and 7 mins
Think and Grow Rich,Napoleon Hill,Length: 9 hrs and 35 mins
Monster Hunting 101,Andrew Karevik,Length: 8 hrs and 57 mins
Communion,Whitley Strieber,Length: 12 hrs and 14 mins
The Warmth of Other Suns,Isabel Wilkerson,Length: 22 hrs and 40 mins
Leonardo da Vinci,Walter Isaacson,Length: 17 hrs and 1 min
Lone Survivor,"Marcus Luttrell,Patrick Robinson",Length: 14 hrs and 17 mins
The 4-Hour Body,Timothy Ferriss,Length: 3 hrs and 51 mins
Blood Bonds,J Bree,Length: 10 hrs and 19 mins
The Native American Herbalist’s Bible: 9 Books in 1,Green Witch,Length: 7 hrs
The Bride of Blackfriars Lane,Michelle Griep,Length: 11 hrs and 20 mins
Super Powereds: Year 2,Drew Hayes,Length: 32 hrs and 4 mins
The Upward Spiral,Alex Korb PhD.,Length: 5 hrs and 34 mins
Red Rising,Pierce Brown,Length: 16 hrs and 12 mins
"Again, Rachel",Marian Keyes,Length: 17 hrs and 3 mins
Playing Games,Riley Hart,Length: 6 hrs and 36 mins
Eat for Energy,"Ari Whitten,Alex Leaf MS",Length: 7 hrs and 27 mins
Aurora: EV-01,Ryk Brown,Length: 8 hrs
Empire of the Summer Moon,S. C. Gwynne,Length: 15 hrs and 9 mins
The 5 Second Rule,Mel Robbins,Length: 7 hrs and 35 mins
The Rise of Theodore Roosevelt,Edmund Morris,Length: 26 hrs and 36 mins
Reality Bleed: Season 2,"J.Z. Foster,Justin M. Woodward",Length: 23 hrs and 45 mins
Ignite,Melanie Harlow,Length: 10 hrs and 5 mins
American Royals III: Rivals,Katharine McGee,Length: 12 hrs and 32 mins
The McKinsey Way,Ethan M. Rasiel,Length: 4 hrs and 19 mins
Six Days in Rome,Francesca Giacco,Length: 9 hrs and 5 mins
Homo Deus,Yuval Noah Harari,Length: 14 hrs and 54 mins
A New Earth,Eckhart Tolle,Length: 9 hrs and 12 mins
Astoria,Peter Stark,Length: 10 hrs and 54 mins
The First Fifteen Lives of Harry August,Claire North,Length: 12 hrs and 10 mins
The Sound and the Fury,William Faulkner,Length: 8 hrs and 51 mins
Legacy,James Kerr,Length: 5 hrs and 33 mins
You Made a Fool of Death with Your Beauty,Akwaeke Emezi,Length: 9 hrs and 57 mins
Say I'm the One,Siobhan Davis,Length: 17 hrs and 46 mins
Zero to One,"Peter Thiel,Blake Masters",Length: 4 hrs and 50 mins
Dark Matter,Blake Crouch,Length: 10 hrs and 8 mins
Gallows Bridge,"Caroline Peckham,Susanne Valenti",Length: 17 hrs and 57 mins
Transformer,Nick Lane,Length: 10 hrs and 55 mins
Strangers to Ourselves,Rachel Aviv,Length: 7 hrs and 41 mins
Trust Me,Ella Sheridan,Length: 9 hrs and 10 mins
Drunk in Love,Tay Mo'Nae,Length: 13 hrs and 2 mins
Fatal Witness,Robert Bryndza,Length: 9 hrs and 29 mins
We'll Be Back,Kurt Schlichter,Length: 9 hrs and 15 mins
Roadkill,Dennis E. Taylor,Length: 8 hrs and 58 mins
Crooked Paradise: The Complete Series,"Eva Chance,Harlow King",Length: 35 hrs and 2 mins
Jake's Magical Market,J.R. Mathews,Length: 20 hrs and 41 mins
On Tyranny (Expanded Audio Edition),Timothy Snyder,Length: 9 hrs and 45 mins
Reasons to Stay Alive,Matt Haig,Length: 4 hrs and 13 mins
El caso Alaska Sanders [The Alaskan Sanders Case],Joël Dicker,Length: 17 hrs and 33 mins
People Person,Candice Carty-Williams,Length: 10 hrs and 4 mins
Consorting with Spirits,"Jason Miller,Mat Auryn - foreword",Length: 7 hrs and 52 mins
Do You Take This Man,Denise Williams,Length: 9 hrs and 53 mins
Spy School Project X,Stuart Gibbs,Length: 7 hrs and 59 mins
Character Creation,William Myrl,Length: 9 hrs and 25 mins
Are Prisons Obsolete?,Angela Y. Davis,Length: 4 hrs and 56 mins
Just Keep Buying,Nick Maggiulli,Length: 6 hrs and 21 mins
When the Moon Turns to Blood,Leah Sottile,Length: 10 hrs and 38 mins
Dark Harvest,Will Jordan,Length: 11 hrs and 41 mins
Blackshirts and Reds,Michael Parenti,Length: 5 hrs and 29 mins
Dirty Wicked Prince,Eden O'Neill,Length: 8 hrs and 51 mins
The Fifth Act,Elliot Ackerman,Length: 6 hrs and 16 mins
Key Player,Kelly Yang,Length: 6 hrs and 4 mins
The Dragon's Promise,Elizabeth Lim,Length: 14 hrs and 26 mins
When the Corn Is Waist High,Jeremy Scott,Length: 8 hrs and 49 mins
Adult Survivors of Toxic Family Members,"Sherrie Campbell PhD,Wendy T. Behary LCSW - foreword",Length: 7 hrs and 13 mins
The Bangalore Detectives Club,Harini Nagendra,Length: 9 hrs and 16 mins
Nature Wants Us to Be Fat,Richard J. Johnson MD,Length: 9 hrs and 24 mins
Babysitter,Joyce Carol Oates,Length: 17 hrs and 21 mins
Bitch,Lucy Cooke,Length: 11 hrs and 54 mins
Imaginable,Jane McGonigal,Length: 16 hrs and 31 mins
Invisible Storm,Jason Kander,Length: 6 hrs and 47 mins
The 22 Immutable Laws of Branding,"Al Ries,Laura Ries",Length: 8 hrs and 8 mins
Age of Bronze,Jez Cajiao,Length: 21 hrs and 16 mins
Battling the Big Lie,Dan Pfeiffer,Length: 7 hrs and 33 mins
Beautiful Enemy,Piper Lawson,Length: 5 hrs and 8 mins
A Place Called Home,David Ambroz,Length: 12 hrs and 8 mins
The Alpha's Son,Penny Jessup,Length: 8 hrs and 59 mins
The City of Ember,Jeanne DuPrau,Length: 6 hrs and 50 mins
"Bud, Not Buddy",Christopher Paul Curtis,Length: 5 hrs and 14 mins
Speak,Laurie Halse Anderson,Length: 5 hrs and 48 mins
13 Hours,"Mitchell Zuckoff,Annex Security Team",Length: 7 hrs and 43 mins
Eleven Rings,"Phil Jackson,Hugh Delehanty",Length: 10 hrs and 27 mins
How to Read Literature Like a Professor,Thomas C. Foster,Length: 9 hrs and 35 mins
White Noise,Don DeLillo,Length: 12 hrs and 48 mins
How to Read Literature Like a Professor,Thomas C. Foster,Length: 9 hrs and 35 mins
White Noise,Don DeLillo,Length: 12 hrs and 48 mins
The Red Tent,Anita Diamant,Length: 11 hrs and 50 mins
Day of Ascension,Adrian Tchaikovsky,Length: 5 hrs and 38 mins
The Spooky Life,S.E. Harmon,Length: 9 hrs and 12 mins
The Rational Male - The Players Handbook,Rollo Tomassi,Length: 12 hrs and 33 mins
Traitor King,Andrew Lownie,Length: 8 hrs and 27 mins
The Obesity Code,Dr. Jason Fung,Length: 10 hrs and 9 mins
Mine to Cherish,Natasha Madison,Length: 6 hrs and 28 mins
"Boldly, Nobly, and Independent: 1893-1955",The Church of Jesus Christ of Latter-day Saints,Length: 16 hrs and 39 mins
The Dip,Seth Godin,Length: 1 hr and 32 mins
Lost Boy,Christina Henry,Length: 7 hrs and 43 mins
On Board,Jay Hogan,Length: 10 hrs and 42 mins
The Art of Peace,"John Stevens - translator,Morihei Ueshiba",Length: 2 hrs and 20 mins
Escape from Mr. Lemoncello's Library,Chris Grabenstein,Length: 6 hrs and 19 mins
Defend the Dawn,Brigid Kemmerer,Length: 13 hrs and 9 mins
The Four Agreements,don Miguel Ruiz,Length: 2 hrs and 31 mins
Extreme Ownership,"Jocko Willink,Leif Babin",Length: 9 hrs and 33 mins
Sin,Jolie Vines,Length: 8 hrs and 47 mins
Tease,Melanie Harlow,Length: 9 hrs and 4 mins
Lifemark,"Kendrick Bros. LLC,Chris Fabry",Length: 8 hrs and 4 mins
The Long Game,Rush Doshi,Length: 18 hrs and 24 mins
The Wrong Heart,Jennifer Hartmann,Length: 13 hrs and 29 mins
Be Your Future Self Now,Dr. Benjamin Hardy,Length: 4 hrs and 2 mins
A Forest of Vanity and Valour,A.P Beswick,Length: 5 hrs and 56 mins
"Tantra Illuminated: The Philosophy, History, and Practice of a Timeless Tradition",Christopher D. Wallis,Length: 19 hrs and 4 mins
The Naked Communist,W. Cleon Skousen,Length: 14 hrs and 38 mins
That Forever,Jillian Dodd,Length: 7 hrs and 9 mins
Death Among the Diamonds,Fliss Chester,Length: 9 hrs and 7 mins
The Bullet That Missed,Richard Osman,Length: 11 hrs and 17 mins
The Narrator,K. L. Slater,Length: 8 hrs and 5 mins
Mercy,Sara Cate,Length: 10 hrs and 23 mins
Teach Like a Champion 3.0,Doug Lemov,Length: 25 hrs and 25 mins
The Oleander Sword,Tasha Suri,Length: 19 hrs and 8 mins
Last Summer Boys,Bill Rivers,Length: 9 hrs and 17 mins
Unlock Your Macro Type,Christine Hronec,Length: 6 hrs and 17 mins
21st Century Monetary Policy,Ben S. Bernanke,Length: 16 hrs and 4 mins
Counterfeit,Kirstin Chen,Length: 7 hrs and 20 mins
Normal Family,Chrysta Bilton,Length: 9 hrs and 2 mins
Wildfire,"Garrett Leigh,Heart Eyes Press LGBTQ",Length: 6 hrs and 58 mins
The Daughter of Auschwitz,"Tova Friedman,Malcolm Brabant",Length: 7 hrs and 53 mins
The Noble Eightfold Path,Bhikkhu Bodhi,Length: 5 hrs and 4 mins
The Secrets of Character,Matt Bird,Length: 8 hrs and 17 mins
The Republic of Plato,Allan Bloom,Length: 20 hrs and 36 mins
All These Worlds,Dennis E. Taylor,Length: 7 hrs and 56 mins
Horse,Geraldine Brooks,Length: 14 hrs and 6 mins
The Line,"Ashley Wood,Ben Wood",Length: 5 hrs and 39 mins
The Nightingale,Kristin Hannah,Length: 17 hrs and 19 mins
Too Late,C. Hoover,Length: 13 hrs and 4 mins
The Power of Habit,Charles Duhigg,Length: 10 hrs and 53 mins
A Grim Baby,M.K. Eidem,Length: 6 hrs and 1 min
Dragons and Demons,Kel Kade,Length: 17 hrs and 3 mins
All Is Bright,RaeAnne Thayne,Length: 9 hrs and 16 mins
Born in Blackness,Howard W. French,Length: 16 hrs and 49 mins
Nautical Noobs,Ryan Rimmel,Length: 16 hrs and 57 mins
The Big Book of Victorian Mysteries,Otto Penzler - editor,Length: 37 hrs and 23 mins
Rocket Boys,Homer Hickam,Length: 13 hrs and 38 mins
Vortex Conundrum,Louisa Masters,Length: 7 hrs
Tell Me the Stories of Jesus,R. Albert Mohler Jr.,Length: 7 hrs and 54 mins
Killers of the Flower Moon,David Grann,Length: 9 hrs and 4 mins
The Secrets of Character,Matt Bird,Length: 8 hrs and 17 mins
Tell Me the Stories of Jesus,R. Albert Mohler Jr.,Length: 7 hrs and 54 mins
Killers of the Flower Moon,David Grann,Length: 9 hrs and 4 mins
The Fourth Man,Robert Baer,Length: 7 hrs and 46 mins
Born to Be Hanged,Keith Thomson,Length: 9 hrs and 41 mins
Different,Frans de Waal,Length: 12 hrs and 55 mins
The Liar's Knot,M. A. Carrick,Length: 23 hrs and 13 mins
"Boldly, Nobly, and Independent: 1893-1955",The Church of Jesus Christ of Latter-day Saints,Length: 16 hrs and 39 mins
Defenders of the West,Raymond Ibrahim,Length: 13 hrs and 58 mins
Sky Raiders,"Jason Anspach,JN Chaney",Length: 8 hrs and 5 mins
The Matchmaker's Gift,Lynda Cohen Loigman,Length: 9 hrs and 25 mins
How to Love Yourself,Teal Swan,Length: 10 hrs and 14 mins
Imposter,Bradeigh Godfrey,Length: 9 hrs and 52 mins
"The Silencer Series Box Set, Books 9-12",Mike Ryan,Length: 21 hrs and 16 mins
The Primal Hunter 2,Zogarth,Length: 19 hrs and 25 mins
The Raven Song,J M Dalgliesh,Length: 8 hrs and 20 mins
Holy Hygge,Jamie Erickson,Length: 6 hrs and 8 mins
The Sh*t They Never Taught You: What You Can Learn from Books,"Adam Ashton,Adam Jones",Length: 20 hrs and 4 mins
The Last Sentinel,Simon Gervais,Length: 6 hrs and 59 mins
The Ultimate Coach,"Amy Hardison,Alan D. Thompson",Length: 11 hrs and 54 mins
An Heir Comes to Rise,Chloe C. Peñaranda,Length: 11 hrs and 52 mins
Underdog,"L.A. Witt,Heart Eyes Press LGBTQ",Length: 11 hrs and 58 mins
Very Intentional Parenting,Destini Ann Davis,Length: 6 hrs and 36 mins
Survival of the Fastest,"Randy Lanier,A.J. Baime - contributor",Length: 8 hrs and 55 mins
Broken Bonds,J Bree,Length: 8 hrs and 51 mins
We Don't Know Ourselves,Fintan O'Toole,Length: 22 hrs and 11 mins
The Great Reset,Marc Morano,Length: 12 hrs and 19 mins
The Politically Incorrect Guide to Economics,Thomas J. DiLorenzo,Length: 7 hrs and 26 mins
Punished by Rewards,Alfie Kohn,Length: 13 hrs and 9 mins
Book of Forgiving,"Desmond Tutu,Mpho Tutu",Length: 6 hrs and 37 mins
Poor Economics,"Abhijit V. Banerjee,Esther Duflo",Length: 11 hrs and 30 mins
Deep Work,Cal Newport,Length: 7 hrs and 44 mins
The Devil's Highway,Luis Alberto Urrea,Length: 8 hrs and 53 mins
Code Talker,Joseph Bruchac,Length: 5 hrs and 55 mins
The Five Invitations,Frank Ostaseski,Length: 12 hrs and 16 mins
In a Pit with a Lion on a Snowy Day,Mark Batterson,Length: 5 hrs and 8 mins
It's So Easy,Duff McKagan,Length: 10 hrs and 16 mins
What Made Maddy Run,Kate Fagan,Length: 7 hrs and 36 mins
A Most Uncivil War,Blaine Pardoe,Length: 14 hrs and 4 mins
The Potter,Kristy Marie,Length: 8 hrs and 6 mins
The Five Invitations,Frank Ostaseski,Length: 12 hrs and 16 mins
The Devil's Highway,Luis Alberto Urrea,Length: 8 hrs and 53 mins
What Made Maddy Run,Kate Fagan,Length: 7 hrs and 36 mins
Code Talker,Joseph Bruchac,Length: 5 hrs and 55 mins
It's So Easy,Duff McKagan,Length: 10 hrs and 16 mins
The Lost City of Z,David Grann,Length: 10 hrs and 4 mins
In a Pit with a Lion on a Snowy Day,Mark Batterson,Length: 5 hrs and 8 mins
Billion Dollar Fiancé,Olivia Hayle,Length: 7 hrs and 37 mins
The Potter,Kristy Marie,Length: 8 hrs and 6 mins
In Step,Jay Hogan,Length: 10 hrs and 16 mins
Eldest,Christopher Paolini,Length: 23 hrs and 30 mins
The Fall Girl,Marcia Clark,Length: 10 hrs and 52 mins
Hunted in Darkness,Carrie Ann Ryan,Length: 7 hrs and 39 mins
Death of a Hollow Man,Caroline Graham,Length: 11 hrs and 10 mins
More Than Two,"Franklin Veaux,Eve Rickert,Jessica Fern,Janet Hardy",Length: 15 hrs and 47 mins
The Closing of the American Mind,Allan Bloom,Length: 14 hrs and 39 mins
The Maid,Nita Prose,Length: 9 hrs and 37 mins
Investments Unlimited,"Helen Beal,Bill Bensing,Jason Cox,Michael Edenzon,Topo Pal,Caleb Queern,John Rzezotarski,Andres Vega,John Willis",Length: 5 hrs and 36 mins
Carrie Soto Is Back,Taylor Jenkins Reid,Length: 10 hrs and 30 mins
Business Is Personal,Bethenny Frankel,Length: 6 hrs and 59 mins
Criminal (In)Justice,Rafael A. Mangual,Length: 5 hrs and 49 mins
Silva Mind Control Method,"Jose Silva,Philip Miele",Length: 5 hrs and 56 mins
Wild Fire,"Nicholas Sansbury Smith,Anthony Melchiorri",Length: 11 hrs and 9 mins
The Gift of Fear,Gavin de Becker,Length: 12 hrs and 50 mins
The Real Anthony Fauci,Robert F. Kennedy Jr.,Length: 27 hrs and 20 mins
Punk 57,Penelope Douglas,Length: 10 hrs and 7 mins
The Enforcer and His Heart,Kiki Clark,Length: 8 hrs and 16 mins
"Spies, Lies, and Algorithms",Amy B. Zegart,Length: 11 hrs and 54 mins
Giuliani,Andrew Kirtzman,Length: 15 hrs and 19 mins
The Destructionists,Dana Milbank,Length: 11 hrs and 58 mins
The Daughter of Doctor Moreau,Silvia Moreno-Garcia,Length: 11 hrs and 39 mins
An Affair of Spies,Ronald H. Balson,Length: 10 hrs and 54 mins
Curse of Shadows and Thorns,LJ Andrews,Length: 10 hrs and 37 mins
Kane,Anna del Mar,Length: 11 hrs and 44 mins
Blackstone Fortress: Ascension,Darius Hinks,Length: 10 hrs and 57 mins
How to Begin,Michael Bungay Stanier,Length: 3 hrs and 12 mins
Be Still My Heart,"Emily McIntire,Sav R. Miller",Length: 12 hrs and 19 mins
The Marriage Portrait,Maggie O'Farrell,Length: 13 hrs and 28 mins
Key Person of Influence,Daniel Priestley,Length: 4 hrs and 50 mins
Illuminae,"Amie Kaufman,Jay Kristoff",Length: 11 hrs and 40 mins
When the Day Comes,Gabrielle Meyer,Length: 12 hrs and 26 mins
The Destructionists,Dana Milbank,Length: 11 hrs and 58 mins
The Daughter of Doctor Moreau,Silvia Moreno-Garcia,Length: 11 hrs and 39 mins
An Affair of Spies,Ronald H. Balson,Length: 10 hrs and 54 mins
The Dip,Seth Godin,Length: 1 hr and 32 mins
Kane,Anna del Mar,Length: 11 hrs and 44 mins
Blackstone Fortress: Ascension,Darius Hinks,Length: 10 hrs and 57 mins
Be Still My Heart,"Emily McIntire,Sav R. Miller",Length: 12 hrs and 19 mins
The Marriage Portrait,Maggie O'Farrell,Length: 13 hrs and 28 mins
The Starfish and the Spider,"Ori Brafman,Rod Beckstrom",Length: 5 hrs and 32 mins
Key Person of Influence,Daniel Priestley,Length: 4 hrs and 50 mins
Loving People Who Are Hard to Love,Joyce Meyer,Length: 6 hrs and 37 mins
Hyperion,Dan Simmons,Length: 20 hrs and 44 mins
The E-Myth Revisited,Michael E. Gerber,Length: 8 hrs and 5 mins
Deep Work,Cal Newport,Length: 7 hrs and 44 mins
The Miracle Morning,Hal Elrod,Length: 4 hrs and 57 mins
The Very Secret Society of Irregular Witches,Sangu Mandanna,Length: 9 hrs and 59 mins
An Immense World,Ed Yong,Length: 14 hrs and 17 mins
We Never Die,Matt Fraser,Length: 6 hrs and 25 mins
A Good Chance,Ali Vali,Length: 9 hrs and 50 mins
When the Day Comes,Gabrielle Meyer,Length: 12 hrs and 26 mins
The Destructionists,Dana Milbank,Length: 11 hrs and 58 mins
The Daughter of Doctor Moreau,Silvia Moreno-Garcia,Length: 11 hrs and 39 mins
An Affair of Spies,Ronald H. Balson,Length: 10 hrs and 54 mins
The Dip,Seth Godin,Length: 1 hr and 32 mins
Kane,Anna del Mar,Length: 11 hrs and 44 mins
Blackstone Fortress: Ascension,Darius Hinks,Length: 10 hrs and 57 mins
Be Still My Heart,"Emily McIntire,Sav R. Miller",Length: 12 hrs and 19 mins
The Marriage Portrait,Maggie O'Farrell,Length: 13 hrs and 28 mins
The Starfish and the Spider,"Ori Brafman,Rod Beckstrom",Length: 5 hrs and 32 mins
Key Person of Influence,Daniel Priestley,Length: 4 hrs and 50 mins
Loving People Who Are Hard to Love,Joyce Meyer,Length: 6 hrs and 37 mins
Hyperion,Dan Simmons,Length: 20 hrs and 44 mins
The E-Myth Revisited,Michael E. Gerber,Length: 8 hrs and 5 mins
Deep Work,Cal Newport,Length: 7 hrs and 44 mins
The Miracle Morning,Hal Elrod,Length: 4 hrs and 57 mins
The Very Secret Society of Irregular Witches,Sangu Mandanna,Length: 9 hrs and 59 mins
An Immense World,Ed Yong,Length: 14 hrs and 17 mins
We Never Die,Matt Fraser,Length: 6 hrs and 25 mins
A Good Chance,Ali Vali,Length: 9 hrs and 50 mins
